16-1,2.00,1.00,6,94,,|0,83
16-2,4.00,4.00,5,103,,|0,83
16-3,1.00,1.00,53,108,16-1,16-2,|7,90
36-3,2.00,1.00,1,144,,|0,75
36-1,2.00,2.00,162,108,36-3,|10,85
36-2,2.00,1.00,60,55,36-1,|18,94
36-4,2.00,2.00,62,72,36-1,|18,93
36-5,8.00,4.00,13,60,36-1,|18,94
36-6,2.00,4.00,61,56,36-1,|18,94
38-1,2.00,1.00,1,102,,|0,64
38-6,8.00,4.00,17,79,,|0,65
38-3,4.00,2.00,24,73,,|0,66
38-4,1.00,0.50,182,105,38-1,38-3,38-6,|7,71
38-5,4.00,8.00,1,107,38-4,|14,80
38-2,1.00,2.00,1,144,38-4,|14,78
38-7,4.00,2.00,30,54,38-6,|6,84
38-8,4.00,2.00,1,144,38-2,38-5,38-7,|24,88
39-1,2.00,2.00,34,72,,|0,86
39-2,4.00,2.00,125,59,,|0,87
39-3,1.00,0.50,328,97,39-1,39-2,|5,91
39-4,2.00,1.00,115,101,,|0,88
39-5,1.00,0.50,144,108,,|0,87
39-6,8.00,4.00,44,37,39-2,39-4,39-5,|8,95
64-1,4.00,2.00,78,50,,|0,77
64-2,3.20,6.40,1,100,64-1,|4,81
64-3,0.80,0.80,1,144,64-2,|11,88
115-1,2.00,1.00,70,40,,|0,89
115-2,2.00,1.00,111,31,,|0,72
115-3,2.00,2.00,114,106,115-2,|3,75
115-4,4.00,2.00,1,144,,|0,73
115-5,4.00,2.00,57,129,115-3,115-4,|11,83
115-6,16.00,8.00,23,34,115-1,115-5,|20,92
115-7,16.00,16.00,23,32,115-6,|23,95
312-1,8.00,8.00,39,86,,|0,82
312-2,8.00,8.00,4,120,,|0,70
312-3,4.00,2.00,6,128,,|0,69
312-4,8.00,8.00,1,144,312-2,312-3,|9,78
312-5,4.00,2.00,1,144,312-1,312-4,|19,88
347-1,4.00,4.00,1,128,,|0,55
347-2,1.00,0.50,34,69,,|0,42
347-3,8.00,8.00,22,72,,|0,35
347-4,8.00,4.00,15,100,347-3,|5,40
347-5,4.00,8.00,10,71,,|0,42
347-6,4.00,4.00,5,69,,|0,42
347-7,4.00,2.00,5,62,,|0,42
347-8,4.00,8.00,6,69,,|0,42
347-9,8.00,16.00,3,69,,|0,42
347-10,8.00,4.00,19,93,,|0,40
347-11,2.00,1.00,127,84,,|0,41
347-12,2.00,1.00,11,84,,|0,41
347-13,4.00,2.00,1,88,,|0,41
347-14,4.00,2.00,77,109,347-2,347-4,347-5,347-6,347-7,347-8,347-9,347-10,347-11,347-12,347-13,|12,47
347-15,4.00,4.00,1,125,347-14,|20,55
347-16,8.00,4.00,1,124,347-1,347-15,|29,64
347-17,4.00,2.00,1,126,347-16,|38,73
347-18,4.00,4.00,1,130,347-17,|47,82
347-19,2.00,4.00,2,91,347-18,|56,91
361-1,4.00,2.00,11,104,,|0,82
361-2,8.00,4.00,1,121,,|0,80
361-3,2.00,2.00,24,92,361-1,361-2,|9,89
361-4,16.00,16.00,23,65,,|0,91
361-5,8.00,4.00,52,25,361-3,361-4,|16,96
379-1,4.00,2.00,13,117,,|0,76
379-2,8.00,8.00,11,104,379-1,|8,84
379-3,4.00,4.00,16,105,379-2,|15,91
380-1,4.00,4.00,16,41,,|0,84
380-2,8.00,4.00,17,110,380-1,|3,87
380-3,2.00,2.00,64,35,380-2,|11,95
396-1,8.00,4.00,8,81,,|0,67
396-2,4.00,8.00,5,72,396-1,|6,73
396-4,8.00,8.00,98,80,,|0,72
396-3,8.00,8.00,101,97,396-2,396-4,|11,78
396-5,8.00,4.00,98,101,396-4,|6,78
396-6,2.00,1.00,500,100,396-3,396-5,|18,85
396-7,8.00,16.00,125,76,396-6,|25,92
433-1,8.00,4.00,5,17,,|0,72
433-2,4.00,2.00,11,27,,|0,72
433-3,2.00,4.00,250,118,,|0,66
433-4,8.00,4.00,11,100,433-1,433-2,433-3,|8,74
433-5,4.00,8.00,7,127,433-4,|15,81
433-6,4.00,2.00,18,107,433-5,|24,90
470-1,4.00,2.00,1,144,,|0,55
470-2,2.00,2.00,1,144,,|0,49
470-3,2.00,1.00,1,88,470-2,|10,59
470-4,2.00,1.00,1,144,470-1,470-3,|16,65
470-5,2.00,1.00,22,57,,|0,71
470-6,2.00,1.00,151,104,470-4,470-5,|26,75
470-7,1.00,0.50,18,100,470-6,|33,91
470-8,4.00,4.00,10,103,470-6,|33,83
470-9,1.00,0.50,3,116,470-8,|40,90
470-10,4.00,4.00,11,92,470-6,|33,82
470-11,1.00,2.00,6,132,470-10,|40,89
470-12,2.00,1.00,23,108,470-6,|33,82
470-13,2.00,4.00,3,112,470-12,|41,90
474-1,1.00,0.50,121,77,,|0,85
474-2,2.00,2.00,1,144,,|0,81
474-3,2.00,1.00,1,144,,|0,81
474-4,8.00,16.00,1,144,,|0,81
474-5,2.00,1.00,1,144,,|0,81
474-6,2.00,1.00,1,144,,|0,81
474-7,4.00,4.00,1,144,,|0,81
474-8,4.00,2.00,1,144,,|0,72
474-9,2.00,1.00,1,144,,|0,72
474-10,4.00,2.00,1,137,,|0,72
474-11,4.00,2.00,1,137,,|0,72
474-12,4.00,2.00,1,144,,|0,72
474-13,4.00,2.00,1,129,,|0,73
474-14,8.00,8.00,1,120,,|0,74
474-15,8.00,8.00,1,106,,|0,66
474-16,2.00,1.00,1,115,,|0,66
474-17,4.00,4.00,1,118,474-15,474-16,|8,74
474-18,8.00,16.00,1,122,474-8,474-9,474-10,474-11,474-12,474-13,474-14,474-17,|16,82
474-19,2.00,4.00,72,103,474-1,474-2,474-3,474-4,474-5,474-6,474-7,474-18,|25,91
481-1,2.00,1.00,7,99,,|0,73
481-2,4.00,4.00,1,144,481-1,|7,80
481-3,2.00,2.00,1,131,,|0,72
481-4,4.00,2.00,1,139,,|0,54
481-5,2.00,1.00,1,144,481-4,|10,64
481-6,4.00,2.00,1,135,,|0,57
481-7,4.00,8.00,1,144,,|0,56
481-8,2.00,1.00,1,134,,|0,57
481-9,1.00,0.50,1,136,,|0,56
481-10,4.00,2.00,45,68,,|0,61
481-11,2.00,4.00,1,120,,|0,50
481-12,4.00,2.00,11,100,,|0,51
481-13,2.00,1.00,30,110,481-11,481-12,|8,58
481-14,4.00,2.00,33,107,481-6,481-7,481-8,481-9,481-10,481-13,|16,66
481-15,4.00,2.00,5,104,481-5,481-14,|24,74
481-16,4.00,2.00,6,128,481-3,481-15,|31,81
481-17,4.00,8.00,5,116,481-2,481-16,|40,90
528-1,8.00,8.00,1,144,,|0,69
528-2,1.00,2.00,500,9,528-1,|10,96
528-3,2.00,2.00,25,6,528-2,|11,97
528-4,2.00,4.00,250,9,528-1,|10,79
528-5,8.00,8.00,4,118,528-4,|11,80
528-6,1.00,2.00,1,144,528-5,|19,88
528-7,4.00,2.00,125,9,528-1,|10,79
528-8,2.00,2.00,17,112,528-7,|11,80
528-9,4.00,2.00,1,144,528-8,|19,88
528-10,4.00,2.00,125,9,528-1,|10,79
528-11,1.00,1.00,34,116,528-10,|11,80
528-12,4.00,4.00,1,144,528-11,|19,88
553-1,8.00,4.00,5,124,,|0,87
553-2,4.00,8.00,22,23,553-1,|9,96
555-1,4.00,2.00,125,10,,|0,81
555-2,2.00,2.00,250,6,,|0,81
555-3,4.00,2.00,32,116,555-1,555-2,|1,82
555-4,2.00,1.00,43,110,555-3,|9,90
562-1,16.00,8.00,1,144,,|0,67
562-2,16.00,8.00,1,144,,|0,67
562-3,4.00,4.00,29,28,,|0,66
562-4,4.00,4.00,112,55,,|0,64
562-5,4.00,2.00,141,6,562-3,562-4,|4,68
562-6,4.00,2.00,1,109,,|0,61
562-7,8.00,4.00,71,115,562-5,562-6,|8,69
562-8,8.00,4.00,72,121,562-1,562-2,562-7,|16,77
562-9,4.00,4.00,144,104,562-8,|25,86
562-10,8.00,16.00,72,63,562-9,|32,93
578-1,4.00,4.00,25,97,,|0,84
578-2,2.00,2.00,65,100,578-1,|7,91
659-1,4.00,8.00,1,144,,|0,69
659-2,2.00,1.00,250,30,,|0,77
659-3,8.00,4.00,1,129,659-1,659-2,|10,79
659-4,1.00,0.50,1,144,659-3,|19,88
668-1,1.00,2.00,500,73,,|0,69
668-2,4.00,4.00,1,132,,|0,50
668-3,2.00,1.00,1,144,,|0,39
668-4,2.00,1.00,3,144,668-3,|10,49
668-5,4.00,2.00,1,102,668-2,668-4,|20,59
668-6,4.00,2.00,2,115,668-2,668-5,|27,66
668-7,2.00,2.00,59,96,668-1,668-6,|35,74
668-8,4.00,2.00,30,94,668-1,668-7,|42,81
668-9,8.00,8.00,1,144,668-8,|49,88
672-1,4.00,2.00,125,85,,|0,68
672-2,8.00,8.00,1,125,,|0,50
672-3,1.00,1.00,1,144,,|0,46
672-4,4.00,2.00,1,32,672-3,|10,56
672-5,2.00,4.00,3,113,672-2,672-4,|13,59
672-6,2.00,4.00,4,97,672-2,672-5,|21,67
672-7,8.00,4.00,15,104,672-1,672-6,|28,74
672-8,2.00,1.00,60,100,672-1,672-7,|35,81
672-9,2.00,2.00,1,144,672-8,|42,88
692-1,1.00,1.00,500,70,,|0,73
692-2,2.00,1.00,2,127,,|0,52
692-3,1.00,0.50,1,144,,|0,44
692-4,4.00,2.00,1,104,692-3,|10,54
692-5,4.00,8.00,1,136,692-2,692-4,|17,61
692-6,4.00,2.00,2,92,692-2,692-5,|27,71
692-7,4.00,8.00,35,95,692-1,692-6,|34,78
692-8,4.00,2.00,36,96,692-1,692-7,|41,85
692-9,4.00,2.00,2,79,692-8,|48,92
698-1,1.00,0.50,500,80,,|0,72
698-2,4.00,2.00,1,124,,|0,54
698-3,4.00,2.00,1,144,,|0,45
698-4,4.00,2.00,1,117,698-3,|10,55
698-5,1.00,0.50,5,96,698-2,698-4,|18,63
698-6,4.00,2.00,2,108,698-2,698-5,|25,70
698-7,2.00,1.00,71,103,698-1,698-6,|33,78
698-8,8.00,8.00,18,101,698-1,698-7,|40,85
698-9,2.00,1.00,4,86,698-8,|47,92
722-1,4.00,2.00,71,82,,|0,92
722-2,2.00,2.00,1,144,,|0,88
752-1,8.00,4.00,1,144,,|0,74
752-2,4.00,8.00,29,90,,|0,78
752-3,16.00,8.00,14,104,752-1,752-2,|10,84
752-4,8.00,8.00,31,95,752-3,|17,91
773-1,8.00,4.00,1,132,,|0,84
773-2,8.00,16.00,62,16,773-1,|9,93
773-3,8.00,4.00,2,116,,|0,87
773-4,4.00,4.00,125,37,773-2,773-3,|11,95
788-1,4.00,2.00,7,123,,|0,72
788-2,4.00,2.00,12,83,,|0,68
788-3,4.00,2.00,25,103,788-2,|6,74
788-4,1.00,1.00,111,97,788-1,788-3,|13,81
788-5,4.00,2.00,1,136,788-4,|20,88
792-1,4.00,2.00,1,121,,|0,73
792-2,1.00,0.50,28,112,,|0,66
792-3,2.00,2.00,10,128,,|0,65
792-4,2.00,1.00,18,112,792-2,792-3,|9,74
792-5,1.00,0.50,32,109,792-1,792-4,|17,82
792-6,2.00,2.00,14,114,792-5,|25,90
826-1,2.00,4.00,12,88,,|0,82
826-2,1.00,0.50,1,144,826-1,|6,88
832-1,2.00,1.00,1,144,,|0,78
832-2,8.00,8.00,1,144,832-1,|10,88
864-1,2.00,2.00,115,69,,|0,93
864-2,8.00,4.00,1,101,,|0,91
864-3,1.00,1.00,1,144,,|0,88
971-1,1.00,1.00,1,144,,|0,78
971-2,2.00,2.00,1,144,971-1,|10,88
995-1,4.00,4.00,82,80,,|0,92
995-2,4.00,2.00,3,83,,|0,92
995-3,1.00,0.50,1,113,,|0,90
1003-1,4.00,2.00,87,73,,|0,93
1003-2,2.00,1.00,8,97,,|0,91
1003-3,4.00,2.00,1,91,,|0,91
1014-1,2.00,2.00,1,144,,|0,78
1014-2,2.00,1.00,1,144,1014-1,|10,88
1047-1,2.00,2.00,143,85,,|0,92
1047-2,1.00,1.00,3,125,,|0,89
1047-3,4.00,8.00,1,127,,|0,89
1053-1,1.00,0.50,68,75,,|0,83
1053-2,4.00,4.00,1,144,1053-1,|5,88
1060-1,4.00,8.00,1,95,,|0,81
1060-2,1.00,2.00,1,144,1060-1,|7,88
1090-1,4.00,4.00,1,144,,|0,78
1090-2,4.00,4.00,1,144,1090-1,|10,88
1095-1,4.00,4.00,83,69,,|0,93
1095-2,1.00,0.50,14,109,,|0,90
1095-3,2.00,1.00,1,110,,|0,90
1109-1,2.00,2.00,13,69,,|0,83
1109-2,2.00,1.00,1,144,1109-1,|5,88
1114-1,2.00,1.00,2,144,,|0,78
1114-2,2.00,4.00,1,144,1114-1,|10,88
1116-1,4.00,2.00,1,48,,|0,84
1116-2,1.00,1.00,1,144,1116-1,|4,88
1135-1,8.00,16.00,42,72,,|0,93
1135-2,2.00,1.00,7,103,,|0,91
1135-3,2.00,2.00,1,103,,|0,91
1141-1,2.00,4.00,33,62,,|0,83
1141-2,4.00,2.00,1,144,1141-1,|5,88
1143-1,2.00,1.00,7,76,,|0,82
1143-2,2.00,1.00,1,144,1143-1,|6,88
1149-1,1.00,0.50,327,51,,|0,94
1149-2,1.00,0.50,13,117,,|0,90
1149-3,4.00,2.00,1,108,,|0,90
1168-1,4.00,8.00,85,65,,|0,93
1168-2,4.00,2.00,4,92,,|0,91
1168-3,4.00,8.00,1,118,,|0,90
1171-1,4.00,4.00,1,76,,|0,82
1171-2,8.00,4.00,1,144,1171-1,|6,88
1191-1,4.00,4.00,18,68,,|0,77
1191-2,2.00,1.00,30,109,1191-1,|5,82
1191-3,2.00,1.00,3,66,,|0,85
1191-4,1.00,0.50,18,106,1191-2,1191-3,|13,90
1206-1,8.00,4.00,1,95,,|0,81
1206-2,4.00,2.00,1,144,1206-1,|7,88
1213-1,4.00,4.00,95,64,,|0,83
1213-2,4.00,2.00,1,144,1213-1,|5,88
1230-1,4.00,2.00,1,114,,|0,80
1230-2,4.00,8.00,1,144,1230-1,|8,88
1236-1,2.00,2.00,7,61,,|0,83
1236-2,8.00,4.00,1,144,1236-1,|5,88
1252-1,8.00,8.00,3,94,,|0,81
1252-2,1.00,1.00,1,144,1252-1,|7,88
1257-1,4.00,2.00,1,86,,|0,82
1257-2,8.00,4.00,1,144,1257-1,|6,88
1289-1,1.00,0.50,8,64,,|0,83
1289-2,4.00,4.00,1,144,1289-1,|5,88
1314-1,8.00,8.00,1,69,,|0,83
1314-2,2.00,1.00,1,144,1314-1,|5,88
1315-1,1.00,0.50,3,97,,|0,59
1315-2,4.00,2.00,3,53,,|0,62
1315-3,4.00,4.00,84,28,,|0,64
1315-4,4.00,4.00,9,117,1315-1,1315-2,1315-3,|7,66
1315-5,4.00,2.00,21,112,1315-1,1315-2,1315-3,1315-4,|15,74
1315-6,2.00,4.00,16,107,1315-5,|23,82
1315-7,8.00,8.00,1,65,,|0,85
1315-8,2.00,1.00,11,116,1315-6,1315-7,|31,90
1324-1,2.00,1.00,1,144,,|0,72
1324-2,8.00,4.00,1,144,,|0,72
1324-3,2.00,1.00,28,104,,|0,75
1324-4,4.00,2.00,2,119,1324-1,1324-2,1324-3,|10,82
1324-5,4.00,4.00,1,125,,|0,71
1324-6,1.00,0.50,2,108,,|0,72
1324-7,2.00,2.00,101,75,,|0,75
1324-8,4.00,2.00,1,144,1324-5,1324-6,1324-7,|9,80
1324-9,4.00,2.00,1,67,,|0,85
1324-10,1.00,0.50,43,116,1324-4,1324-8,1324-9,|19,90
1326-1,2.00,2.00,12,96,,|0,81
1326-2,8.00,4.00,1,144,1326-1,|7,88
1338-1,4.00,4.00,2,105,,|0,81
1338-2,4.00,4.00,1,144,1338-1,|7,88
1355-1,4.00,4.00,1,77,,|0,82
1355-2,4.00,4.00,1,144,1355-1,|6,88
1375-1,4.00,4.00,84,72,,|0,93
1375-2,1.00,0.50,14,96,,|0,91
1375-3,2.00,1.00,1,114,,|0,90
1379-1,8.00,4.00,42,71,,|0,93
1379-2,4.00,2.00,3,103,,|0,91
1379-3,4.00,2.00,1,124,,|0,89
1402-1,2.00,2.00,166,80,,|0,92
1402-2,4.00,2.00,3,102,,|0,91
1402-3,2.00,1.00,1,112,,|0,90
1438-1,2.00,1.00,2,81,,|0,82
1438-2,1.00,0.50,1,144,1438-1,|6,88
1441-1,2.00,1.00,122,31,,|0,85
1441-2,1.00,0.50,1,144,1441-1,|3,88
1444-1,4.00,2.00,6,38,,|0,85
1444-2,4.00,2.00,1,144,1444-1,|3,88
1446-1,2.00,1.00,173,76,,|0,92
1446-2,2.00,1.00,7,100,,|0,91
1446-3,4.00,2.00,1,111,,|0,90
1475-1,2.00,2.00,7,58,,|0,84
1475-2,4.00,4.00,1,144,1475-1,|4,88
1492-1,4.00,2.00,86,80,,|0,92
1492-2,4.00,2.00,4,97,,|0,91
1492-3,4.00,4.00,1,96,,|0,91
1494-1,2.00,1.00,34,68,,|0,83
1494-2,1.00,0.50,1,144,1494-1,|5,88
1511-1,4.00,2.00,1,84,,|0,82
1511-2,8.00,16.00,1,144,1511-1,|6,88
1518-1,2.00,2.00,12,60,,|0,84
1518-2,8.00,16.00,1,144,1518-1,|4,88
1573-1,2.00,2.00,34,138,,|0,78
1573-2,1.00,0.50,1,144,1573-1,|10,88
1640-1,4.00,8.00,3,67,,|0,83
1640-2,4.00,8.00,1,144,1640-1,|5,88
1650-1,2.00,1.00,159,63,,|0,93
1650-2,1.00,1.00,13,114,,|0,90
1650-3,8.00,8.00,1,108,,|0,90
1662-1,4.00,2.00,1,64,,|0,83
1662-2,4.00,2.00,1,144,1662-1,|5,88
1681-1,4.00,2.00,70,84,,|0,92
1681-2,1.00,0.50,3,119,,|0,90
1681-3,2.00,1.00,2,123,,|0,89
1689-1,4.00,2.00,70,85,,|0,92
1689-2,2.00,1.00,1,123,,|0,89
1689-3,2.00,1.00,2,125,,|0,89
1708-1,1.00,1.00,84,90,,|0,84
1708-4,4.00,8.00,7,62,,|0,67
1708-2,4.00,4.00,1,124,1708-4,|5,72
1708-3,4.00,2.00,1,127,1708-2,|14,81
1708-5,4.00,2.00,2,120,1708-4,|5,82
1708-6,4.00,8.00,1,119,,|0,73
1708-7,2.00,1.00,1,131,1708-6,|8,81
1708-8,4.00,2.00,1,62,,|0,85
1708-9,4.00,2.00,35,117,1708-1,1708-3,1708-5,1708-7,1708-8,|23,90
1711-1,2.00,1.00,141,89,,|0,92
1711-2,1.00,1.00,3,124,,|0,89
1711-3,4.00,2.00,1,102,,|0,91
1715-1,1.00,0.50,343,63,,|0,93
1715-2,4.00,8.00,3,104,,|0,91
1715-3,2.00,1.00,4,95,,|0,91
1730-1,8.00,4.00,3,83,,|0,82
1730-2,4.00,2.00,1,144,1730-1,|6,88
1749-1,2.00,2.00,42,84,,|0,84
1749-4,4.00,4.00,7,55,,|0,68
1749-2,1.00,1.00,2,132,1749-4,|4,72
1749-3,4.00,4.00,1,135,1749-2,|13,81
1749-5,2.00,1.00,4,112,1749-4,|4,82
1749-6,4.00,2.00,1,124,,|0,72
1749-7,4.00,8.00,1,126,1749-6,|9,81
1749-8,4.00,2.00,1,64,,|0,85
1749-9,4.00,4.00,35,108,1749-1,1749-3,1749-5,1749-7,1749-8,|22,90
1754-1,8.00,8.00,3,77,,|0,82
1754-2,4.00,2.00,1,144,1754-1,|6,88
1784-1,4.00,4.00,5,52,,|0,84
1784-2,2.00,1.00,1,144,1784-1,|4,88
1792-1,4.00,4.00,21,87,,|0,84
1792-4,1.00,1.00,34,64,,|0,67
1792-2,1.00,0.50,2,128,1792-4,|5,72
1792-3,1.00,1.00,1,132,1792-2,|14,81
1792-5,4.00,4.00,2,114,1792-4,|5,82
1792-6,4.00,4.00,1,117,,|0,73
1792-7,8.00,4.00,1,121,1792-6,|8,81
1792-8,8.00,4.00,1,70,,|0,85
1792-9,4.00,2.00,35,119,1792-1,1792-3,1792-5,1792-7,1792-8,|23,90
1888-1,4.00,4.00,86,66,,|0,93
1888-2,1.00,1.00,16,95,,|0,91
1888-3,4.00,8.00,2,84,,|0,92
1895-1,4.00,4.00,86,76,,|0,92
1895-2,4.00,2.00,4,86,,|0,92
1895-3,8.00,4.00,1,100,,|0,91
1943-1,2.00,1.00,172,75,,|0,93
1943-2,2.00,2.00,8,92,,|0,91
1943-3,4.00,8.00,3,102,,|0,91
1972-1,4.00,2.00,2,99,,|0,59
1972-2,1.00,1.00,13,109,,|0,58
1972-3,2.00,1.00,169,28,,|0,64
1972-4,1.00,0.50,35,112,1972-1,1972-2,1972-3,|8,66
1972-5,4.00,4.00,20,112,1972-1,1972-2,1972-3,1972-4,|16,74
1972-6,4.00,2.00,8,110,1972-5,|24,82
1972-7,4.00,4.00,1,58,,|0,86
1972-8,2.00,1.00,11,119,1972-6,1972-7,|32,90
1973-1,4.00,8.00,6,60,,|0,84
1973-2,2.00,2.00,1,144,1973-1,|4,88
1978-1,2.00,1.00,12,87,,|0,82
1978-2,1.00,2.00,1,144,1978-1,|6,88
1988-1,4.00,4.00,3,97,,|0,81
1988-2,4.00,4.00,1,144,1988-1,|7,88
2006-1,4.00,2.00,1,144,,|0,58
2006-2,4.00,2.00,1,144,2006-1,|10,68
2006-3,1.00,1.00,1,144,2006-2,|20,78
2006-4,1.00,0.50,1,144,,|0,64
2006-5,1.00,0.50,1,96,2006-4,|10,74
2006-6,2.00,2.00,4,132,,|0,72
2006-7,1.00,2.00,96,86,,|0,75
2006-8,4.00,2.00,26,92,2006-5,2006-6,2006-7,|17,81
2006-9,1.00,2.00,1,144,2006-3,2006-8,|30,88
2019-1,4.00,2.00,1,144,,|0,71
2019-2,8.00,4.00,1,144,,|0,71
2019-3,2.00,2.00,26,108,,|0,73
2019-4,2.00,1.00,2,130,2019-1,2019-2,2019-3,|10,81
2019-5,4.00,2.00,1,116,,|0,72
2019-6,4.00,2.00,1,120,,|0,72
2019-7,8.00,8.00,24,83,,|0,74
2019-8,4.00,8.00,1,144,2019-5,2019-6,2019-7,|8,80
2019-9,1.00,1.00,6,63,,|0,85
2019-10,4.00,2.00,5,120,2019-4,2019-8,2019-9,|19,90
2059-1,2.00,1.00,4,78,,|0,82
2059-2,2.00,1.00,1,144,2059-1,|6,88
2060-1,1.00,1.00,1,144,,|0,70
2060-2,1.00,0.50,1,131,,|0,71
2060-3,2.00,1.00,29,108,,|0,72
2060-4,2.00,1.00,1,144,2060-1,2060-2,2060-3,|10,80
2060-5,4.00,2.00,1,118,,|0,72
2060-6,4.00,4.00,1,126,,|0,71
2060-7,1.00,1.00,203,91,,|0,73
2060-8,8.00,4.00,1,144,2060-5,2060-6,2060-7,|9,80
2060-9,4.00,4.00,1,58,,|0,86
2060-10,4.00,4.00,4,113,2060-4,2060-8,2060-9,|20,90
2075-1,4.00,2.00,18,68,,|0,83
2075-2,4.00,4.00,1,144,2075-1,|5,88
2077-1,4.00,8.00,2,63,,|0,83
2077-2,4.00,4.00,1,144,2077-1,|5,88
2081-1,4.00,4.00,3,87,,|0,82
2081-2,4.00,2.00,1,144,2081-1,|6,88
2089-1,8.00,16.00,2,77,,|0,82
2089-2,4.00,8.00,1,144,2089-1,|6,88
2092-1,1.00,2.00,72,73,,|0,83
2092-2,8.00,16.00,1,144,2092-1,|5,88
2106-1,4.00,2.00,6,64,,|0,83
2106-2,4.00,2.00,1,144,2106-1,|5,88
2170-1,2.00,1.00,10,94,,|0,81
2170-2,4.00,2.00,1,144,2170-1,|7,88
2173-1,8.00,8.00,10,88,,|0,83
2173-4,4.00,4.00,15,80,,|0,65
2173-2,4.00,8.00,1,122,2173-4,|6,71
2173-3,2.00,1.00,1,125,2173-2,|15,80
2173-5,4.00,4.00,5,121,2173-4,|6,80
2173-6,4.00,2.00,3,127,,|0,71
2173-7,4.00,4.00,1,132,2173-6,|9,80
2173-8,4.00,4.00,1,69,,|0,84
2173-9,4.00,4.00,35,126,2173-1,2173-3,2173-5,2173-7,2173-8,|24,89
2189-1,4.00,8.00,71,84,,|0,92
2189-2,2.00,1.00,1,123,,|0,89
2189-3,2.00,1.00,3,115,,|0,90
2203-1,4.00,2.00,84,63,,|0,93
2203-2,8.00,4.00,1,102,,|0,91
2203-3,4.00,2.00,4,96,,|0,91
2211-1,8.00,16.00,4,87,,|0,82
2211-2,4.00,2.00,1,144,2211-1,|6,88
2213-1,8.00,4.00,2,100,,|0,61
2213-2,8.00,8.00,1,93,,|0,61
2213-3,4.00,4.00,86,26,,|0,66
2213-4,4.00,4.00,8,119,2213-1,2213-2,2213-3,|7,68
2213-5,2.00,2.00,42,118,2213-1,2213-2,2213-3,2213-4,|15,76
2213-6,8.00,8.00,4,100,2213-5,|23,84
2213-7,4.00,2.00,1,66,,|0,86
2213-8,2.00,2.00,12,104,2213-6,2213-7,|30,91
2227-1,8.00,4.00,14,59,,|0,84
2227-2,8.00,8.00,1,144,2227-1,|4,88
2241-1,8.00,4.00,2,84,,|0,82
2241-2,2.00,2.00,1,144,2241-1,|6,88
2271-1,4.00,2.00,3,67,,|0,83
2271-2,8.00,16.00,1,144,2271-1,|5,88
2286-1,4.00,4.00,6,102,,|0,81
2286-2,2.00,1.00,1,144,2286-1,|7,88
2321-1,4.00,4.00,6,102,,|0,81
2321-2,4.00,4.00,1,144,2321-1,|7,88
2325-1,4.00,2.00,6,103,,|0,81
2325-2,8.00,4.00,1,144,2325-1,|7,88
2330-1,2.00,1.00,159,60,,|0,94
2330-2,4.00,4.00,3,120,,|0,90
2330-3,2.00,1.00,8,111,,|0,90
2404-1,3.20,1.60,3,94,,|0,69
2404-3,1.00,1.00,1,144,,|0,66
2404-2,4.00,2.00,1,144,2404-1,2404-3,|10,76
2404-4,2.20,2.20,25,109,,|0,70
2404-5,4.00,4.00,12,115,2404-3,2404-4,|10,78
2404-6,6.00,6.00,13,117,2404-2,2404-5,|20,86
2404-7,8.00,16.00,16,54,2404-6,|28,94
2409-1,2.00,1.00,72,86,,|0,92
2409-2,9.60,4.80,18,87,,|0,86
2409-3,1.00,0.50,179,88,2409-2,|6,92
2436-1,8.00,4.00,125,95,,|0,91
2439-1,3.20,1.60,11,81,,|0,77
2439-2,6.40,6.40,31,68,2439-1,|6,83
2439-3,3.20,1.60,14,136,,|0,74
2439-4,3.20,6.40,62,60,2439-3,|10,84
2439-5,4.00,2.00,1,144,,|0,78
2439-6,1.60,0.80,1,144,2439-2,2439-4,2439-5,|14,88
2453-1,1.60,0.80,23,88,,|0,78
2453-2,6.40,3.20,31,52,2453-1,|6,84
2453-3,1.60,0.80,29,138,,|0,73
2453-4,3.20,1.60,62,68,2453-3,|10,83
2453-5,2.00,1.00,1,144,,|0,78
2453-6,1.60,0.80,1,144,2453-2,2453-4,2453-5,|15,88
2459-1,4.00,4.00,1,144,,|0,73
2459-2,4.00,2.00,125,71,2459-1,|10,83
2459-3,8.00,16.00,1,144,2459-2,|15,88
2462-1,2.00,2.00,1,144,,|0,81
2462-2,4.80,2.40,125,99,2462-1,|10,91
2465-1,3.00,1.50,167,77,,|0,78
2465-2,6.00,6.00,53,108,2465-1,|6,84
2465-3,1.40,1.40,207,80,2465-2,|14,92
2503-1,1.50,0.75,120,84,,|0,77
2503-2,4.80,9.60,46,104,2503-1,|6,83
2503-3,4.00,8.00,5,108,2503-2,|13,90
2530-1,1.00,1.00,11,64,,|0,75
2530-2,4.00,8.00,6,84,,|0,74
2530-3,1.00,2.00,146,79,,|0,74
2530-4,4.00,8.00,3,112,2530-1,2530-2,2530-3,|6,80
2530-5,2.00,1.00,1,144,2530-4,|14,88
2546-1,5.20,2.60,1,144,,|0,77
2546-2,4.00,2.00,43,75,,|0,82
2546-3,6.00,3.00,39,109,2546-1,2546-2,|10,87
2546-4,8.00,8.00,19,36,2546-3,|18,95
2567-1,5.20,5.20,27,67,,|0,88
2567-2,4.40,2.20,41,66,,|0,88
2567-3,2.00,4.00,108,65,2567-1,2567-2,|5,93
2575-1,2.00,1.00,6,135,,|0,86
2575-2,8.00,4.00,27,100,,|0,88
2575-3,4.00,4.00,1,144,,|0,85
2575-4,2.00,1.00,114,44,2575-1,2575-2,2575-3,|10,95
2584-1,2.00,2.00,1,144,,|0,73
2584-2,1.00,0.50,500,68,2584-1,|10,83
2584-3,4.00,2.00,1,144,2584-2,|15,88
2596-1,3.00,1.50,83,108,,|0,83
2596-2,4.00,4.00,52,99,2596-1,|8,91
2599-1,2.00,2.00,1,140,,|0,82
2599-2,2.00,1.00,33,109,,|0,76
2599-3,4.00,2.00,2,125,,|0,75
2599-4,4.00,2.00,31,110,2599-2,2599-3,|9,84
2599-5,2.00,2.00,29,90,2599-1,2599-4,|17,92
2602-1,4.40,2.20,23,99,,|0,87
2602-2,2.00,1.00,37,74,,|0,89
2602-3,8.00,8.00,55,49,2602-1,2602-2,|7,94
2610-1,2.00,1.00,11,83,,|0,85
2610-2,12.00,24.00,22,67,,|0,86
2610-3,3.00,3.00,106,104,2610-1,2610-2,|6,91
2620-1,2.40,1.20,74,101,,|0,85
2620-2,4.00,2.00,36,120,,|0,70
2620-3,8.00,4.00,10,94,2620-2,|8,78
2620-4,2.00,1.00,24,105,,|0,78
2620-5,4.00,2.00,33,105,2620-3,2620-4,|15,85
2620-6,2.00,1.00,96,80,2620-1,2620-5,|22,92
2628-1,4.00,2.00,52,105,,|0,85
2628-2,4.00,2.00,39,116,,|0,84
2628-3,4.00,8.00,61,84,2628-1,2628-2,|8,92
2635-1,16.00,8.00,1,144,,|0,76
2635-2,2.00,1.00,173,70,,|0,81
2635-3,8.00,16.00,43,101,2635-1,2635-2,|10,86
2635-4,8.00,16.00,43,66,2635-3,|17,93
2638-1,2.40,1.20,67,118,,|0,80
2638-2,4.00,2.00,1,144,2638-1,|8,88
2653-1,4.00,4.00,101,55,,|0,86
2653-2,2.00,1.00,1,109,2653-1,|4,90
2672-1,4.00,2.00,1,144,,|0,85
2672-2,6.00,3.00,1,108,,|0,65
2672-3,4.00,2.00,5,104,,|0,57
2672-4,1.60,1.60,1,122,2672-3,|7,64
2672-5,0.80,0.40,12,113,2672-2,2672-4,|16,73
2672-9,4.00,4.00,1,144,,|0,56
2672-10,3.00,1.50,12,128,,|0,57
2672-6,10.40,5.20,13,106,2672-9,2672-10,|10,66
2672-7,2.20,2.20,52,99,2672-6,|18,74
2672-8,2.00,1.00,1,115,2672-5,2672-7,|25,81
2672-11,5.20,2.60,26,108,2672-9,2672-10,|10,81
2672-12,6.40,3.20,13,85,2672-8,2672-11,|33,89
2672-13,0.80,0.80,89,36,2672-1,2672-12,|39,95
2702-1,1.00,0.50,31,91,,|0,84
2702-2,4.80,2.40,1,133,,|0,82
2702-3,6.00,6.00,25,95,,|0,84
2702-4,1.00,1.00,1,144,,|0,81
2702-5,1.60,0.80,13,96,2702-1,2702-2,2702-3,2702-4,|10,91
2717-1,1.30,1.30,159,109,,|0,83
2717-2,4.00,4.00,36,117,,|0,69
2717-3,4.00,8.00,23,100,2717-2,|8,77
2717-4,4.00,4.00,13,113,,|0,76
2717-5,2.00,1.00,69,94,2717-3,2717-4,|15,84
2717-6,11.20,22.40,25,95,2717-1,2717-5,|22,91
2731-1,8.00,4.00,1,144,,|0,77
2731-2,3.00,6.00,41,81,,|0,81
2731-3,4.00,2.00,1,120,2731-1,2731-2,|10,87
2731-4,4.00,4.00,4,112,,|0,70
2731-5,4.00,4.00,1,123,2731-4,|8,78
2731-6,6.00,6.00,72,94,,|0,80
2731-7,5.20,2.60,35,114,2731-5,2731-6,|17,87
2731-8,1.50,0.75,187,42,2731-3,2731-7,|25,95
2750-1,2.00,1.00,90,94,,|0,91
2757-2,1.00,0.50,4,102,,|0,66
2757-1,1.00,0.50,1,144,2757-2,|7,81
2757-3,4.00,4.00,1,144,2757-2,|7,73
2757-4,1.00,1.00,44,112,,|0,58
2757-5,8.00,4.00,1,132,2757-4,|8,66
2757-6,8.00,8.00,1,144,,|0,47
2757-7,2.00,2.00,1,144,2757-6,|10,57
2757-8,1.00,0.50,95,108,2757-7,|20,67
2757-9,2.00,1.00,72,117,2757-5,2757-8,|28,75
2757-10,2.00,2.00,84,113,2757-3,2757-9,|36,83
2757-11,1.00,0.50,26,96,2757-1,2757-10,|44,91
2762-1,4.00,8.00,1,144,,|0,73
2762-2,0.80,0.40,500,71,2762-1,|10,83
2762-3,8.00,4.00,1,144,2762-2,|15,88
2792-1,4.00,2.00,10,80,,|0,74
2792-2,2.00,1.00,66,74,,|0,75
2792-3,4.00,8.00,101,72,,|0,75
2792-4,1.00,1.00,86,113,2792-1,2792-2,2792-3,|6,80
2792-5,1.00,2.00,1,144,2792-4,|14,88
2798-1,6.00,12.00,1,128,,|0,72
2798-2,2.80,5.60,1,137,2798-1,|9,81
2798-3,6.00,3.00,62,104,,|0,84
2798-4,2.20,2.20,188,92,2798-2,2798-3,|19,91
2822-1,4.00,2.00,250,38,,|0,65
2822-2,16.00,8.00,1,144,2822-1,|3,68
2822-3,4.00,2.00,1,144,2822-2,|13,78
2822-4,16.00,8.00,1,144,2822-3,|23,88
2823-1,2.00,2.00,6,109,,|0,87
2823-2,4.00,2.00,67,112,,|0,87
2823-3,4.40,2.20,94,38,2823-1,2823-2,|8,95
2854-1,16.00,16.00,1,144,,|0,88
2863-1,2.00,4.00,62,88,,|0,75
2863-2,2.00,1.00,24,116,,|0,73
2863-3,8.00,16.00,21,92,2863-1,2863-2,|8,81
2863-4,8.00,8.00,1,144,2863-3,|15,88
2881-1,1.60,0.80,1,144,,|0,78
2881-2,6.40,12.80,1,144,2881-1,|10,88
2883-1,1.60,0.80,1,144,,|0,78
2883-2,3.20,1.60,1,144,2883-1,|10,88
2900-1,0.80,0.40,1,144,,|0,78
2900-2,6.40,12.80,1,144,2900-1,|10,88
2946-1,0.80,0.40,1,135,,|0,86
2946-2,1.00,0.50,27,69,,|0,76
2946-3,4.00,2.00,11,103,2946-2,|5,81
2946-12,4.00,2.00,62,69,,|0,75
2946-4,2.00,1.00,3,120,2946-12,|5,80
2946-6,4.00,8.00,1,144,,|0,67
2946-7,4.00,2.00,1,144,2946-6,|10,77
2946-8,2.00,1.00,1,144,,|0,67
2946-9,4.00,2.00,1,144,2946-8,|10,77
2946-10,8.00,8.00,1,144,,|0,67
2946-11,4.00,4.00,1,144,2946-10,|10,77
2946-5,6.40,3.20,10,99,2946-3,2946-4,|13,88
2946-13,4.00,4.00,28,83,,|0,69
2946-14,8.00,4.00,62,92,,|0,68
2946-15,4.00,2.00,110,96,2946-13,2946-14,|7,75
2946-16,2.00,4.00,83,69,2946-12,2946-15,|14,82
2946-17,6.00,3.00,4,100,,|0,72
2946-18,8.80,4.40,7,113,2946-17,|7,79
2946-19,4.00,8.00,35,113,2946-7,2946-9,2946-11,2946-16,2946-18,|20,87
2946-20,4.00,2.00,31,43,2946-1,2946-5,2946-19,|28,95
2955-1,2.00,2.00,250,65,,|0,77
2955-2,4.00,2.00,40,88,2955-1,|5,82
2955-3,3.20,1.60,1,144,2955-2,|11,88
2975-1,6.00,3.00,111,97,,|0,84
2975-2,6.00,3.00,54,101,2975-1,|7,91
2995-1,3.00,3.00,1,144,,|0,65
2995-2,6.00,3.00,1,144,2995-1,|10,75
2995-3,12.00,12.00,28,89,2995-2,|20,85
2995-4,6.00,6.00,55,101,2995-3,|26,91
3054-1,1.50,0.75,1,144,,|0,74
3054-2,6.00,3.00,31,68,3054-1,|10,84
3054-3,1.50,3.00,6,128,3054-2,|15,89
3058-1,6.00,3.00,1,144,,|0,73
3058-2,12.00,6.00,16,77,3058-1,|10,83
3058-3,6.00,3.00,1,121,3058-2,|16,89
3061-1,12.00,24.00,1,144,,|0,75
3061-2,3.00,1.50,66,75,3061-1,|10,85
3061-3,6.00,6.00,1,112,3061-2,|15,90
3065-1,6.00,6.00,28,94,,|0,83
3065-2,1.50,0.75,92,105,,|0,83
3065-3,6.00,12.00,112,74,,|0,85
3065-4,3.00,1.50,148,104,,|0,83
3065-5,6.00,3.00,42,103,,|0,83
3065-6,6.00,3.00,21,118,,|0,82
3065-7,3.00,3.00,13,101,,|0,83
3065-8,3.00,1.50,120,117,3065-1,3065-2,3065-3,3065-4,3065-5,3065-6,3065-7,|8,90
3071-1,3.00,3.00,250,76,,|0,74
3071-2,6.00,6.00,50,110,3071-1,|6,80
3071-3,3.00,3.00,1,144,3071-2,|14,88
3074-1,6.00,6.00,31,97,,|0,83
3074-2,6.00,6.00,61,118,,|0,82
3074-3,6.00,6.00,40,112,3074-1,3074-2,|8,90
3076-1,6.00,3.00,1,144,,|0,72
3076-2,12.00,6.00,62,21,3076-1,|10,82
3076-3,12.00,6.00,13,84,3076-2,|12,84
3076-4,6.00,12.00,1,109,3076-3,|18,90
3106-1,6.00,3.00,1,144,,|0,76
3106-2,1.50,0.75,354,72,3106-1,|10,86
3106-3,6.00,3.00,60,105,3106-2,|15,91
3142-1,6.00,6.00,1,123,,|0,81
3142-2,6.00,3.00,41,104,,|0,83
3142-3,12.00,12.00,34,110,3142-1,3142-2,|9,90
3151-1,3.00,3.00,2,120,,|0,83
3151-2,1.50,0.75,194,64,,|0,78
3151-3,3.00,1.50,99,110,3151-2,|5,83
3151-4,12.00,12.00,26,94,3151-1,3151-3,|13,91
3174-1,6.00,12.00,125,70,,|0,69
3174-2,6.00,3.00,42,100,3174-1,|5,74
3174-3,6.00,3.00,1,124,,|0,72
3174-4,6.00,3.00,1,144,,|0,71
3174-5,3.00,6.00,62,105,3174-2,3174-3,3174-4,|12,81
3174-6,6.00,3.00,1,144,3174-5,|19,88
3184-1,6.00,3.00,1,144,,|0,68
3184-2,6.00,3.00,1,95,,|0,71
3184-3,3.00,1.50,35,67,,|0,48
3184-4,3.00,3.00,68,109,3184-3,|5,53
3184-5,3.00,1.50,1,128,,|0,52
3184-6,12.00,6.00,19,98,3184-4,3184-5,|13,61
3184-7,12.00,6.00,1,144,3184-6,|20,68
3184-8,1.50,1.50,1,144,3184-1,3184-2,3184-7,|30,78
3184-9,6.00,12.00,1,144,3184-8,|40,88
3225-1,1.50,3.00,209,108,,|0,90
3233-1,3.00,1.50,250,112,,|0,90
3242-1,12.00,6.00,62,116,,|0,71
3242-2,6.00,3.00,1,144,3242-1,|8,79
3242-3,6.00,3.00,1,141,,|0,70
3242-4,3.00,6.00,3,131,,|0,71
3242-5,6.00,3.00,2,125,3242-3,3242-4,|10,80
3242-6,6.00,12.00,2,135,3242-2,3242-5,|19,89
3257-1,8.00,16.00,36,64,,|0,78
3257-2,4.00,2.00,24,71,3257-1,|5,83
3257-3,4.00,2.00,1,144,3257-2,|10,88
3260-1,4.00,2.00,107,88,,|0,73
3260-2,4.00,2.00,1,144,3260-1,|6,79
3260-3,8.00,4.00,62,109,,|0,73
3260-4,8.00,4.00,15,117,3260-3,|8,81
3260-5,1.00,0.50,125,112,3260-2,3260-4,|16,89
3260-6,4.00,2.00,30,11,3260-5,|24,97
3267-1,2.00,2.00,30,112,,|0,88
3267-2,4.00,2.00,6,115,,|0,88
3267-3,2.00,1.00,194,80,,|0,90
3267-4,4.00,4.00,93,21,3267-1,3267-2,3267-3,|8,96
3276-1,2.00,1.00,25,105,,|0,88
3276-2,4.00,2.00,5,106,,|0,87
3276-3,4.00,2.00,79,81,,|0,89
3276-4,2.00,4.00,186,42,3276-1,3276-2,3276-3,|8,95
3277-1,2.00,1.00,29,104,,|0,86
3277-2,4.00,8.00,6,104,,|0,86
3277-3,4.00,2.00,97,74,,|0,88
3277-4,2.00,2.00,186,66,3277-1,3277-2,3277-3,|7,93
3283-1,4.00,4.00,83,67,,|0,93
3289-1,2.00,1.00,150,66,,|0,93
3291-1,4.00,2.00,75,75,,|0,93
3331-1,8.00,8.00,53,65,,|0,82
3331-2,8.00,4.00,18,81,3331-1,|5,87
3331-3,4.00,2.00,54,70,,|0,81
3331-4,8.00,4.00,27,91,3331-3,|5,86
3331-8,4.00,2.00,3,140,,|0,52
3331-6,8.00,8.00,1,144,3331-8,|10,62
3331-7,4.00,2.00,6,89,3331-6,3331-8,|20,72
3331-5,16.00,8.00,1,76,3331-8,|10,72
3331-9,8.00,4.00,1,144,3331-8,|10,68
3331-10,16.00,16.00,3,102,3331-5,3331-7,3331-9,|26,78
3331-11,8.00,4.00,1,144,,|0,75
3331-12,8.00,4.00,6,112,3331-10,3331-11,|33,85
3331-13,4.00,2.00,104,65,3331-2,3331-4,3331-12,|41,93
3353-1,4.00,2.00,16,111,,|0,70
3353-2,4.00,2.00,1,144,3353-1,|8,78
3353-3,4.00,8.00,1,144,3353-2,|18,88
3385-1,2.00,4.00,26,109,,|0,83
3385-2,16.00,8.00,1,63,,|0,68
3385-3,8.00,4.00,1,144,3385-2,|5,73
3385-4,8.00,8.00,6,69,,|0,78
3385-5,8.00,4.00,8,115,3385-3,3385-4,|15,83
3385-6,8.00,8.00,15,104,3385-1,3385-5,|23,91
3409-1,6.40,12.80,1,134,,|0,70
3409-2,8.00,4.00,1,127,3409-1,|9,79
3409-3,1.60,0.80,47,116,,|0,72
3409-4,3.20,1.60,7,116,3409-3,|8,80
3409-5,1.00,1.00,1,144,3409-2,3409-4,|18,88
3460-1,1.50,0.75,93,76,,|0,64
3460-2,4.00,2.00,81,108,3460-1,|6,70
3460-3,1.60,0.80,1,144,3460-2,|14,78
3460-4,6.40,3.20,1,144,3460-3,|24,88
3466-1,3.00,3.00,56,80,,|0,67
3466-2,4.00,8.00,86,110,3466-1,|6,73
3466-3,0.80,1.60,4,95,3466-2,|14,81
3466-4,1.60,0.80,1,144,3466-3,|21,88
3477-1,2.00,1.00,1,144,,|0,73
3477-2,4.00,2.00,1,144,3477-1,|10,83
3477-3,12.00,12.00,62,71,3477-2,|20,93
3490-1,6.40,3.20,1,144,,|0,84
3490-2,4.00,8.00,2,128,,|0,85
3490-3,3.20,1.60,27,57,3490-1,3490-2,|10,94
3494-1,3.00,3.00,1,111,,|0,88
3494-2,6.40,3.20,6,128,,|0,71
3494-3,1.60,0.80,193,92,3494-2,|9,80
3494-4,8.00,4.00,1,108,,|0,79
3494-5,2.00,2.00,1,124,3494-3,3494-4,|16,87
3494-6,3.20,3.20,62,23,3494-1,3494-5,|25,96
3498-1,4.00,4.00,23,96,,|0,91
3498-2,4.00,2.00,57,103,,|0,91
3514-1,6.40,6.40,1,144,,|0,81
3514-2,2.00,2.00,5,121,,|0,82
3514-3,0.80,0.40,109,105,3514-1,3514-2,|10,91
3558-1,2.00,1.00,250,70,,|0,93
3558-2,2.00,2.00,1,144,,|0,88
3558-3,1.00,2.00,23,116,,|0,90
3569-1,4.00,2.00,1,87,,|0,72
3569-2,3.20,6.40,1,144,3569-1,|6,78
3569-3,6.00,6.00,125,89,,|0,82
3569-4,5.20,5.20,98,76,3569-2,3569-3,|16,88
3569-5,4.80,2.40,1,111,,|0,86
3569-6,4.40,2.20,93,52,3569-4,3569-5,|22,94
3696-1,1.00,1.00,1,144,,|0,74
3696-2,4.00,2.00,1,144,3696-1,|10,84
3696-4,2.00,1.00,1,144,3696-1,|10,84
3696-3,4.00,2.00,66,53,3696-2,3696-4,|20,94
3729-1,2.00,2.00,250,99,,|0,83
3729-2,4.00,4.00,125,50,,|0,86
3729-3,8.00,4.00,57,116,3729-1,3729-2,|7,90
3738-1,1.00,0.50,263,68,,|0,86
3738-2,1.00,0.50,311,117,,|0,73
3738-3,8.00,8.00,1,144,3738-2,|8,81
3738-4,8.00,16.00,1,100,3738-1,3738-3,|18,91
3743-1,2.00,1.00,500,76,,|0,82
3743-2,4.00,8.00,250,100,3743-1,|6,88
3743-3,8.00,8.00,2,84,,|0,82
3743-4,8.00,16.00,2,60,3743-3,|6,88
3743-5,8.00,16.00,2,36,3743-4,|10,92
3743-6,16.00,8.00,62,32,3743-2,3743-5,|13,95
3778-1,8.00,4.00,1,144,,|0,76
3778-4,4.00,2.00,1,144,,|0,75
3778-3,16.00,16.00,1,144,3778-4,|10,85
3778-2,4.00,2.00,154,128,3778-1,3778-4,|10,86
3778-5,16.00,16.00,1,144,3778-4,|10,85
3778-6,4.00,2.00,152,44,3778-2,3778-3,3778-5,|20,95
3785-1,2.00,1.00,1,120,,|0,82
3785-2,4.00,2.00,10,77,,|0,84
3785-3,8.00,4.00,9,116,3785-1,3785-2,|8,90
3789-1,4.00,8.00,5,54,,|0,71
3789-2,4.00,2.00,1,144,3789-1,|4,75
3789-3,8.00,4.00,1,144,,|0,65
3789-4,2.00,4.00,1,144,3789-3,|10,75
3789-5,4.00,8.00,25,76,,|0,75
3789-6,16.00,8.00,6,48,3789-5,|6,81
3789-7,8.00,8.00,2,134,,|0,66
3789-8,8.00,16.00,2,144,3789-7,|9,75
3789-9,16.00,16.00,3,80,,|0,76
3789-10,2.00,1.00,25,36,3789-9,|6,82
3789-11,8.00,8.00,22,44,3789-2,3789-4,3789-6,3789-8,3789-10,|20,85
3789-12,4.00,2.00,1,144,3789-11,|23,88
3797-1,2.00,1.00,69,100,,|0,76
3797-2,2.00,2.00,1,144,,|0,63
3797-3,8.00,4.00,1,144,3797-2,|10,73
3797-4,2.00,1.00,68,64,3797-1,3797-3,|20,83
3797-5,4.00,4.00,1,144,3797-4,|25,88
3807-3,1.00,0.50,1,136,,|0,66
3807-5,2.00,1.00,1,140,,|0,66
3807-1,4.00,2.00,1,92,3807-3,3807-5,|10,76
3807-4,8.00,4.00,1,68,3807-3,|10,83
3807-2,4.00,8.00,1,63,3807-1,|17,83
3807-6,1.00,1.00,1,75,3807-5,|10,83
3807-7,2.00,2.00,1,144,3807-2,3807-4,3807-6,|22,88
3835-1,4.00,2.00,125,88,,|0,86
3835-2,1.00,0.50,194,84,3835-1,|6,92
3857-1,8.00,4.00,1,140,,|0,87
3857-2,8.00,4.00,1,116,,|0,81
3857-3,8.00,8.00,1,120,,|0,81
3857-4,8.00,16.00,1,144,,|0,79
3857-5,16.00,16.00,1,138,,|0,79
3857-6,8.00,16.00,1,125,,|0,80
3857-7,8.00,8.00,1,133,,|0,80
3857-8,4.00,2.00,9,119,,|0,81
3857-9,4.00,2.00,1,144,,|0,79
3857-10,2.00,2.00,13,104,,|0,82
3857-11,4.00,4.00,6,96,,|0,82
3857-12,8.00,4.00,14,106,3857-2,3857-3,3857-4,3857-5,3857-6,3857-7,3857-8,3857-9,3857-10,3857-11,|10,89
3857-13,16.00,8.00,7,15,3857-1,3857-12,|18,97
3859-1,4.00,4.00,5,79,,|0,74
3859-3,2.00,1.00,1,144,,|0,64
3859-4,4.00,2.00,250,88,3859-3,|10,74
3859-2,4.00,4.00,250,67,3859-1,3859-4,|16,80
3859-5,4.00,2.00,250,68,3859-4,|16,80
3859-6,4.00,2.00,6,95,,|0,78
3859-7,4.00,2.00,242,18,,|0,75
3859-8,8.00,4.00,121,60,3859-7,|2,77
3859-9,8.00,8.00,121,54,3859-8,|6,81
3859-10,16.00,32.00,62,39,3859-2,3859-5,3859-6,3859-9,|21,85
3859-11,8.00,8.00,1,144,3859-10,|24,88
3880-1,8.00,4.00,1,144,,|0,71
3880-2,8.00,16.00,3,110,,|0,73
3880-3,2.00,2.00,1,144,,|0,71
3880-4,4.00,2.00,15,119,3880-1,3880-2,3880-3,|10,81
3880-5,4.00,2.00,14,121,3880-4,|18,89
3887-1,8.00,4.00,2,75,,|0,76
3887-2,2.00,1.00,31,94,,|0,74
3887-3,4.00,2.00,1,89,,|0,75
3887-4,4.00,2.00,21,124,3887-1,3887-2,3887-3,|7,81
3887-5,8.00,4.00,10,114,3887-4,|16,90
3908-1,2.00,2.00,52,104,,|0,77
3908-2,4.00,4.00,1,144,,|0,74
3908-3,4.00,2.00,31,96,3908-1,3908-2,|10,84
3908-4,4.00,2.00,41,86,,|0,78
3908-5,4.00,2.00,46,104,3908-4,|6,84
3908-6,1.00,0.50,49,100,3908-3,3908-5,|17,91
3922-1,2.00,1.00,250,45,,|0,77
3922-2,4.00,2.00,11,123,,|0,71
3922-3,4.00,2.00,2,124,3922-1,3922-2,|9,80
3922-4,4.00,2.00,2,123,3922-3,|18,89
3934-1,4.00,2.00,4,125,,|0,81
3934-2,2.00,1.00,49,92,,|0,58
3934-3,2.00,4.00,1,144,,|0,45
3934-4,1.00,0.50,1,144,3934-3,|10,55
3934-5,4.00,2.00,1,144,3934-2,3934-4,|20,65
3934-6,4.00,2.00,12,92,3934-2,3934-5,|30,75
3934-7,1.00,0.50,70,107,3934-2,3934-6,|37,82
3934-8,1.00,0.50,22,111,3934-1,3934-7,|45,90
3942-1,1.00,2.00,48,34,,|0,85
3942-2,2.00,2.00,1,144,3942-1,|3,88
3946-1,2.00,2.00,18,80,,|0,70
3946-3,4.00,2.00,1,144,,|0,63
3946-4,2.00,2.00,500,37,3946-3,|10,73
3946-2,8.00,8.00,125,83,3946-1,3946-4,|13,76
3946-5,16.00,32.00,62,65,3946-4,|13,77
3946-6,8.00,16.00,4,73,,|0,77
3946-7,4.00,2.00,250,33,,|0,69
3946-8,2.00,4.00,500,61,3946-7,|3,72
3946-9,8.00,4.00,125,64,3946-8,|8,77
3946-10,4.00,2.00,250,84,3946-2,3946-5,3946-6,3946-9,|19,82
3946-11,2.00,1.00,1,144,3946-10,|25,88
3981-1,2.00,4.00,7,124,,|0,62
3981-2,16.00,16.00,1,115,3981-1,|9,82
3981-3,8.00,8.00,1,112,3981-2,|17,90
3981-4,8.00,4.00,1,115,3981-1,|9,72
3981-5,4.00,4.00,1,144,,|0,70
3981-6,8.00,4.00,1,134,3981-1,|9,71
3981-7,8.00,16.00,3,64,3981-4,3981-5,3981-6,|18,80
3981-8,8.00,8.00,3,129,3981-7,|23,85
3981-9,4.00,2.00,15,50,3981-7,3981-8,|32,94
4019-1,8.00,4.00,3,107,,|0,84
4019-2,2.00,2.00,54,88,4019-1,|8,92
4058-1,16.00,16.00,3,59,,|0,77
4058-3,4.00,2.00,1,144,,|0,66
4058-4,8.00,4.00,125,51,4058-3,|10,76
4058-2,16.00,32.00,62,60,4058-1,4058-4,|14,81
4058-5,8.00,8.00,125,67,4058-4,|14,80
4058-6,2.00,1.00,28,62,,|0,80
4058-7,4.00,8.00,250,27,,|0,74
4058-8,8.00,16.00,125,70,4058-7,|2,76
4058-9,4.00,8.00,250,50,4058-8,|7,81
4058-10,4.00,4.00,250,33,4058-2,4058-5,4058-6,4058-9,|19,85
4058-11,8.00,4.00,1,144,4058-10,|22,88
4074-1,2.00,1.00,28,68,,|0,73
4074-3,8.00,8.00,1,144,,|0,63
4074-4,8.00,4.00,125,67,4074-3,|10,73
4074-2,2.00,4.00,500,90,4074-1,4074-4,|15,78
4074-5,8.00,16.00,125,72,4074-4,|15,79
4074-6,8.00,4.00,7,56,,|0,80
4074-7,8.00,4.00,125,28,,|0,73
4074-8,8.00,4.00,125,59,4074-7,|2,75
4074-9,4.00,2.00,250,67,4074-8,|6,79
4074-10,8.00,4.00,125,59,4074-2,4074-5,4074-6,4074-9,|21,84
4074-11,4.00,2.00,1,144,4074-10,|25,88
4093-1,8.00,16.00,11,26,,|0,76
4093-2,8.00,4.00,1,144,4093-1,|2,78
4093-3,4.00,2.00,1,144,4093-2,|12,88
4114-1,4.00,2.00,39,28,,|0,86
4114-2,4.00,2.00,1,144,4114-1,|2,88
4128-1,8.00,4.00,25,26,,|0,76
4128-2,4.00,8.00,1,144,4128-1,|2,78
4128-3,2.00,1.00,1,144,4128-2,|12,88
4130-1,4.00,8.00,69,29,,|0,76
4130-2,4.00,8.00,1,144,4130-1,|2,78
4130-3,4.00,2.00,1,144,4130-2,|12,88
4177-1,8.00,16.00,43,48,,|0,74
4177-2,4.00,2.00,1,144,4177-1,|4,78
4177-3,4.00,4.00,1,144,4177-2,|14,88
4188-1,2.00,1.00,250,29,,|0,76
4188-2,4.00,2.00,1,144,4188-1,|2,78
4188-3,2.00,2.00,1,144,4188-2,|12,88
4196-1,4.00,2.00,47,65,,|0,82
4196-2,2.00,1.00,1,144,,|0,77
4196-3,8.00,4.00,3,33,,|0,84
4196-4,16.00,8.00,13,92,4196-1,4196-2,4196-3,|10,87
4196-5,8.00,8.00,26,55,4196-4,|17,94
4206-1,1.00,0.50,214,31,,|0,75
4206-2,4.00,2.00,1,144,4206-1,|3,78
4206-3,4.00,4.00,1,144,4206-2,|13,88
4239-1,4.00,4.00,50,31,,|0,65
4239-2,8.00,16.00,1,144,4239-1,|3,68
4239-3,4.00,2.00,1,144,4239-2,|13,78
4239-4,2.00,2.00,1,144,4239-3,|23,88
4244-1,4.00,2.00,5,56,,|0,74
4244-2,4.00,8.00,1,144,4244-1,|4,78
4244-3,1.00,0.50,1,144,4244-2,|14,88
4252-1,4.00,4.00,87,13,,|0,60
4252-2,4.00,2.00,1,144,4252-1,|1,61
4252-3,4.00,2.00,86,48,,|0,67
4252-4,4.00,2.00,1,93,4252-2,4252-3,|11,71
4252-5,4.00,2.00,1,144,4252-4,|18,78
4252-6,2.00,2.00,1,144,4252-5,|28,88
4294-1,2.00,1.00,250,29,,|0,76
4294-2,1.00,1.00,1,144,4294-1,|2,78
4294-3,1.00,0.50,1,144,4294-2,|12,88
4303-1,8.00,8.00,26,92,,|0,56
4303-2,2.00,2.00,23,36,,|0,60
4303-3,8.00,4.00,1,70,4303-1,4303-2,|7,63
4303-4,4.00,2.00,1,144,4303-3,|12,68
4303-5,8.00,4.00,1,144,4303-4,|22,78
4303-6,1.00,2.00,1,144,4303-5,|32,88
4304-1,4.00,2.00,86,51,,|0,74
4304-2,4.00,8.00,1,144,4304-1,|4,78
4304-3,4.00,8.00,1,144,4304-2,|14,88
4352-1,4.00,2.00,1,144,,|0,72
4352-3,4.00,2.00,9,101,,|0,65
4352-4,2.00,2.00,109,58,,|0,68
4352-5,8.00,4.00,1,96,,|0,65
4352-2,8.00,4.00,15,113,4352-1,4352-3,4352-4,4352-5,|10,82
4352-6,1.00,0.50,8,125,4352-3,4352-4,4352-5,|7,72
4352-7,4.00,8.00,1,124,4352-6,|16,81
4352-8,4.00,2.00,5,108,4352-2,4352-7,|25,90
4404-1,1.00,1.00,352,43,,|0,75
4404-2,1.00,2.00,1,144,4404-1,|3,78
4404-3,4.00,4.00,1,144,4404-2,|13,88
4465-1,8.00,4.00,44,52,,|0,74
4465-2,4.00,8.00,1,144,4465-1,|4,78
4465-3,1.00,2.00,1,144,4465-2,|14,88
4471-1,4.00,4.00,85,101,,|0,72
4471-2,2.00,1.00,80,99,,|0,72
4471-3,8.00,16.00,1,131,4471-1,4471-2,|7,79
4471-4,4.00,2.00,1,144,4471-3,|16,88
4472-1,1.00,2.00,1,144,,|0,60
4472-2,4.00,8.00,76,96,,|0,63
4472-3,1.00,2.00,1,120,4472-1,4472-2,|10,70
4472-4,2.00,1.00,1,144,4472-3,|18,78
4472-5,2.00,2.00,1,144,4472-4,|28,88
4475-1,4.00,4.00,41,108,,|0,70
4475-2,8.00,16.00,1,144,4475-1,|8,78
4475-3,2.00,2.00,1,144,4475-2,|18,88
4508-1,4.00,2.00,29,32,,|0,73
4508-2,2.00,1.00,106,23,,|0,74
4508-3,2.00,1.00,165,96,4508-1,4508-2,|3,76
4508-4,4.00,2.00,83,72,4508-3,|10,83
4508-5,8.00,8.00,1,144,4508-4,|15,88
4551-1,8.00,4.00,28,40,,|0,75
4551-2,4.00,4.00,1,144,4551-1,|3,78
4551-3,1.00,0.50,1,144,4551-2,|13,88
4590-1,4.00,2.00,88,51,,|0,74
4590-2,4.00,2.00,1,144,4590-1,|4,78
4590-3,1.00,0.50,1,144,4590-2,|14,88
4625-1,4.00,2.00,88,48,,|0,74
4625-2,4.00,4.00,1,144,4625-1,|4,78
4625-3,2.00,1.00,1,144,4625-2,|14,88
4658-1,4.00,8.00,125,28,,|0,69
4658-2,4.00,4.00,1,144,4658-1,|2,71
4658-3,8.00,4.00,17,91,4658-2,|12,81
4658-4,8.00,4.00,1,144,4658-3,|19,88
4709-1,2.00,1.00,178,80,,|0,52
4709-2,4.00,2.00,1,144,4709-1,|6,58
4709-3,2.00,1.00,178,50,,|0,64
4709-4,2.00,1.00,1,144,4709-2,4709-3,|16,68
4709-5,2.00,2.00,1,144,4709-4,|26,78
4709-6,4.00,4.00,1,144,4709-5,|36,88
4714-1,1.00,0.50,232,32,,|0,75
4714-2,4.00,8.00,1,144,4714-1,|3,78
4714-3,4.00,4.00,1,144,4714-2,|13,88
4728-1,4.00,4.00,55,28,,|0,66
4728-2,2.00,1.00,1,144,4728-1,|2,68
4728-3,1.00,0.50,1,144,4728-2,|12,78
4728-4,2.00,1.00,1,144,4728-3,|22,88
4752-1,2.00,1.00,250,6,,|0,77
4752-2,8.00,4.00,1,144,4752-1,|1,78
4752-3,1.00,0.50,1,144,4752-2,|11,88
4796-1,8.00,4.00,30,32,,|0,75
4796-2,4.00,4.00,1,144,4796-1,|3,78
4796-3,4.00,4.00,1,144,4796-2,|13,88
4906-1,4.00,4.00,61,33,,|0,75
4906-2,1.00,1.00,1,144,4906-1,|3,78
4906-3,4.00,2.00,1,144,4906-2,|13,88
4963-1,8.00,8.00,6,42,,|0,75
4963-2,4.00,2.00,1,144,4963-1,|3,78
4963-3,4.00,2.00,1,144,4963-2,|13,88
4989-1,4.00,2.00,89,51,,|0,74
4989-2,2.00,2.00,1,144,4989-1,|4,78
4989-3,2.00,2.00,1,144,4989-2,|14,88
5013-2,2.00,1.00,60,64,,|0,65
5013-1,16.00,8.00,2,115,5013-2,|5,70
5013-3,8.00,8.00,15,48,5013-2,|5,74
5013-4,8.00,4.00,20,70,5013-1,5013-3,|13,78
5013-5,2.00,1.00,81,66,5013-4,|18,83
5013-6,4.00,2.00,1,144,5013-5,|23,88
5032-1,4.00,2.00,90,76,,|0,52
5032-2,4.00,2.00,1,144,5032-1,|6,58
5032-3,2.00,2.00,180,48,,|0,64
5032-4,4.00,2.00,1,144,5032-2,5032-3,|16,68
5032-5,4.00,2.00,1,144,5032-4,|26,78
5032-6,4.00,4.00,1,144,5032-5,|36,88
5061-1,4.00,2.00,1,144,,|0,63
5061-2,8.00,8.00,3,68,5061-1,|10,73
5061-3,2.00,2.00,1,144,5061-2,|15,78
5061-4,1.00,0.50,1,144,5061-3,|25,88
5108-1,2.00,2.00,181,45,,|0,75
5108-2,8.00,4.00,1,144,5108-1,|3,78
5108-3,2.00,4.00,1,144,5108-2,|13,88
5146-1,4.00,2.00,53,98,,|0,53
5146-2,1.00,2.00,46,29,,|0,58
5146-3,4.00,2.00,3,112,5146-1,5146-2,|7,60
5146-4,4.00,2.00,1,144,5146-3,|15,68
5146-5,2.00,1.00,1,144,5146-4,|25,78
5146-6,2.00,1.00,1,144,5146-5,|35,88
5154-1,1.00,0.50,274,35,,|0,75
5154-2,1.00,1.00,1,144,5154-1,|3,78
5154-3,2.00,1.00,1,144,5154-2,|13,88
5171-1,2.00,2.00,127,20,,|0,79
5171-2,8.00,4.00,71,15,,|0,80
5171-3,8.00,8.00,103,54,5171-1,5171-2,|2,81
5171-4,8.00,8.00,103,31,5171-3,|6,85
5171-5,2.00,1.00,1,144,5171-4,|9,88
5213-1,4.00,2.00,69,32,,|0,75
5213-2,4.00,8.00,1,144,5213-1,|3,78
5213-3,8.00,4.00,1,144,5213-2,|13,88
5242-1,1.00,2.00,368,46,,|0,74
5242-2,4.00,8.00,1,144,5242-1,|4,78
5242-3,4.00,2.00,1,144,5242-2,|14,88
5270-1,8.00,8.00,35,31,,|0,75
5270-2,4.00,4.00,1,144,5270-1,|3,78
5270-3,4.00,4.00,1,144,5270-2,|13,88
5271-1,2.00,4.00,139,34,,|0,65
5271-2,2.00,2.00,1,144,5271-1,|3,68
5271-3,8.00,16.00,1,144,5271-2,|13,78
5271-4,1.00,0.50,1,144,5271-3,|23,88
5280-2,16.00,8.00,7,52,,|0,65
5280-1,4.00,2.00,10,130,5280-2,|4,69
5280-3,4.00,2.00,31,61,5280-2,|4,73
5280-4,8.00,4.00,21,77,5280-1,5280-3,|13,78
5280-5,16.00,32.00,10,46,5280-4,|19,84
5280-6,4.00,8.00,1,144,5280-5,|23,88
5333-1,4.00,2.00,70,29,,|0,76
5333-2,4.00,2.00,1,144,5333-1,|2,78
5333-3,4.00,4.00,1,144,5333-2,|12,88
5336-1,4.00,2.00,12,89,,|0,62
5336-2,4.00,4.00,1,144,5336-1,|6,68
5336-4,2.00,1.00,25,67,,|0,63
5336-3,4.00,2.00,1,144,5336-4,|5,68
5336-5,4.00,2.00,1,144,5336-4,|5,68
5336-6,4.00,4.00,1,144,5336-2,5336-3,5336-5,|16,78
5336-7,4.00,2.00,1,144,5336-6,|26,88
5357-1,8.00,16.00,46,48,,|0,74
5357-2,2.00,1.00,1,144,5357-1,|4,78
5357-3,4.00,2.00,1,144,5357-2,|14,88
5464-1,4.00,2.00,94,49,,|0,74
5464-2,2.00,4.00,1,144,5464-1,|4,78
5464-3,1.00,0.50,1,144,5464-2,|14,88
5480-1,4.00,2.00,79,30,,|0,76
5480-2,8.00,4.00,1,144,5480-1,|2,78
5480-3,4.00,2.00,1,144,5480-2,|12,88
5505-1,4.00,2.00,46,83,,|0,62
5505-2,4.00,8.00,1,144,5505-1,|6,68
5505-3,2.00,2.00,1,144,5505-2,|16,78
5505-4,4.00,2.00,1,144,5505-3,|26,88
5603-1,4.00,8.00,10,117,,|0,74
5603-2,8.00,4.00,1,118,5603-1,|8,82
5603-3,8.00,16.00,16,96,,|0,83
5603-4,4.00,2.00,5,115,5603-2,5603-3,|16,90
5656-9,4.00,4.00,5,101,,|0,54
5656-3,16.00,16.00,1,144,,|0,73
5656-2,2.00,1.00,1,144,5656-3,|10,85
5656-4,8.00,8.00,2,105,5656-3,|10,83
5656-5,4.00,4.00,5,75,5656-4,|17,90
5656-6,16.00,16.00,1,114,,|0,35
5656-7,4.00,2.00,1,144,5656-6,|8,43
5656-15,8.00,4.00,1,104,,|0,46
5656-1,8.00,4.00,1,80,5656-9,|7,89
5656-8,4.00,2.00,2,112,5656-7,5656-15,|18,53
5656-10,4.00,2.00,7,76,5656-8,5656-9,|26,61
5656-11,2.00,1.00,15,124,5656-10,|32,67
5656-13,4.00,2.00,1,100,,|0,63
5656-14,2.00,1.00,44,56,,|0,63
5656-12,4.00,2.00,7,144,5656-11,|41,76
5656-16,8.00,4.00,11,37,5656-14,5656-15,|7,67
5656-17,4.00,2.00,24,135,5656-13,5656-16,|10,70
5656-18,16.00,8.00,6,97,5656-17,|19,79
5656-19,16.00,8.00,1,144,,|0,72
5656-20,2.00,1.00,1,144,,|0,72
5656-21,16.00,16.00,1,54,5656-19,5656-20,|10,82
5656-22,2.00,1.00,65,128,5656-12,5656-18,5656-21,|51,86
5656-23,8.00,4.00,20,44,5656-1,5656-2,5656-5,5656-22,|60,95
5663-1,4.00,2.00,1,133,,|0,78
5663-2,4.00,2.00,5,97,,|0,80
5663-3,4.00,4.00,3,110,,|0,69
5663-4,2.00,1.00,101,65,,|0,72
5663-5,16.00,8.00,13,74,5663-3,5663-4,|8,77
5663-6,2.00,1.00,1,144,,|0,72
5663-7,16.00,16.00,13,68,5663-5,5663-6,|13,82
5663-8,8.00,8.00,30,116,5663-1,5663-2,5663-7,|18,87
5663-9,8.00,4.00,30,31,5663-8,|26,95
5690-1,4.00,2.00,1,144,,|0,68
5690-2,4.00,4.00,1,144,,|0,63
5690-3,8.00,4.00,23,61,5690-2,|10,73
5690-4,4.00,2.00,1,144,5690-1,5690-3,|15,78
5690-5,4.00,8.00,1,144,5690-4,|25,88
5693-1,4.00,4.00,1,144,,|0,68
5693-2,4.00,8.00,1,144,,|0,62
5693-3,8.00,8.00,33,84,5693-2,|10,72
5693-4,1.00,0.50,1,144,5693-1,5693-3,|16,78
5693-5,4.00,2.00,1,144,5693-4,|26,88
5694-1,2.00,1.00,1,144,,|0,68
5694-2,2.00,2.00,1,144,,|0,64
5694-3,8.00,8.00,36,56,5694-2,|10,74
5694-4,4.00,2.00,1,144,5694-1,5694-3,|14,78
5694-5,2.00,4.00,1,144,5694-4,|24,88
5736-1,2.00,1.00,73,64,,|0,68
5736-2,1.00,2.00,82,116,5736-1,|5,73
5736-4,4.00,4.00,10,108,,|0,64
5736-3,8.00,4.00,1,123,5736-4,|8,72
5736-5,4.00,4.00,20,121,5736-2,5736-3,5736-4,|17,81
5736-6,4.00,2.00,20,115,5736-5,|26,90
5757-1,8.00,4.00,10,44,,|0,76
5757-2,8.00,4.00,3,101,5757-1,|3,79
5757-3,2.00,1.00,41,111,,|0,64
5757-4,8.00,4.00,10,76,5757-3,|8,72
5757-5,4.00,2.00,38,101,,|0,71
5757-6,8.00,4.00,29,116,5757-4,5757-5,|14,78
5757-7,8.00,4.00,33,112,5757-2,5757-6,|22,86
5757-8,4.00,4.00,67,12,5757-7,|30,94
5757-9,4.00,4.00,67,40,5757-8,|31,95
5793-1,4.00,2.00,125,96,,|0,91
5800-1,4.00,2.00,31,92,,|0,77
5800-2,4.00,2.00,31,92,,|0,69
5800-3,8.00,4.00,15,116,5800-2,|7,76
5800-4,16.00,16.00,15,115,5800-1,5800-3,|15,84
5800-5,2.00,2.00,124,81,5800-4,|23,92
5826-1,8.00,4.00,1,144,,|0,88
5854-1,8.00,4.00,62,73,,|0,93
5878-1,8.00,8.00,1,130,,|0,89
5878-2,4.00,8.00,2,133,,|0,89
5878-3,4.00,4.00,2,129,,|0,89
5878-4,1.00,0.50,11,128,,|0,89
5878-5,4.00,2.00,1,137,,|0,88
5878-6,1.00,0.50,2,132,,|0,89
5878-7,8.00,4.00,1,139,,|0,88
5878-8,4.00,4.00,1,144,,|0,88
5878-9,2.00,1.00,8,128,,|0,89
5878-10,2.00,4.00,4,131,,|0,89
5878-11,8.00,8.00,1,134,,|0,89
5878-12,1.00,1.00,8,132,,|0,89
5887-1,4.00,4.00,1,144,,|0,85
5887-2,2.00,2.00,156,43,5887-1,|10,95
5892-1,2.00,4.00,250,96,,|0,91
5897-1,4.00,2.00,125,114,,|0,90
5898-1,4.00,2.00,2,132,,|0,89
5898-2,2.00,4.00,5,128,,|0,89
5898-3,4.00,4.00,2,128,,|0,89
5898-4,4.00,8.00,3,131,,|0,89
5898-5,2.00,1.00,1,128,,|0,89
5898-6,4.00,4.00,1,136,,|0,88
5898-7,4.00,2.00,1,139,,|0,88
5898-8,8.00,16.00,1,144,,|0,88
5898-9,8.00,4.00,2,128,,|0,89
5898-10,8.00,4.00,1,137,,|0,88
5898-11,4.00,2.00,1,136,,|0,88
5898-12,4.00,4.00,2,130,,|0,89
5942-1,8.00,4.00,62,102,,|0,91
5955-1,4.00,2.00,22,116,,|0,89
5955-2,4.00,2.00,55,8,5955-1,|8,97
6005-1,4.00,4.00,30,71,,|0,93
6024-1,8.00,8.00,62,51,,|0,94
6025-1,1.00,1.00,500,68,,|0,85
6025-2,8.00,16.00,4,118,6025-1,|5,90
6097-1,2.00,1.00,37,87,,|0,92
6107-1,2.00,2.00,113,74,,|0,75
6107-2,4.00,2.00,15,108,6107-1,|5,80
6107-3,8.00,4.00,1,144,6107-2,|13,88
6120-4,2.00,1.00,250,15,,|0,71
6120-1,4.00,2.00,101,110,6120-4,|1,72
6120-3,4.00,2.00,123,106,6120-4,|1,82
6120-2,1.00,1.00,1,144,6120-1,|9,80
6120-5,2.00,1.00,250,110,6120-4,|1,82
6120-6,2.00,1.00,187,109,6120-2,6120-3,6120-5,|19,90
6134-1,4.00,4.00,99,100,,|0,91
6230-1,8.00,4.00,62,115,,|0,90
6242-1,8.00,8.00,23,46,,|0,86
6242-2,4.00,8.00,19,94,,|0,68
6242-3,1.00,0.50,63,112,6242-2,|7,75
6242-4,2.00,4.00,28,88,,|0,77
6242-5,4.00,2.00,125,102,6242-3,6242-4,|15,83
6242-6,1.00,0.50,1,112,6242-1,6242-5,|22,90
6251-1,2.00,1.00,92,36,,|0,75
6251-2,1.00,1.00,1,144,6251-1,|3,78
6251-5,1.00,1.00,180,21,,|0,72
6251-3,4.00,2.00,3,108,6251-5,|2,74
6251-4,1.00,2.00,3,81,6251-3,|10,82
6251-6,4.00,2.00,2,116,6251-5,|2,80
6251-7,2.00,2.00,1,144,6251-2,6251-4,6251-6,|16,88
6266-1,4.00,2.00,66,102,,|0,63
6266-2,4.00,4.00,1,140,6266-1,|7,70
6266-3,4.00,4.00,1,144,,|0,70
6266-4,2.00,4.00,1,120,6266-2,6266-3,|17,80
6266-5,4.00,8.00,1,144,6266-4,|25,88
6280-1,8.00,8.00,16,70,,|0,78
6280-2,8.00,8.00,3,107,,|0,75
6280-3,8.00,4.00,15,113,6280-1,6280-2,|8,83
6280-4,4.00,4.00,1,144,,|0,81
6280-5,16.00,8.00,7,103,6280-3,6280-4,|16,91
6322-1,4.00,2.00,1,93,,|0,84
6322-2,4.00,8.00,7,83,,|0,72
6322-3,8.00,8.00,33,72,,|0,73
6322-4,8.00,16.00,36,106,6322-2,6322-3,|6,78
6322-5,4.00,4.00,8,62,,|0,81
6322-6,8.00,4.00,40,75,6322-4,6322-5,|14,86
6322-7,4.00,2.00,82,95,6322-1,6322-6,|19,91
6353-1,4.00,2.00,60,88,,|0,81
6353-2,4.00,8.00,139,81,,|0,69
6353-3,16.00,8.00,1,123,,|0,66
6353-4,2.00,4.00,280,98,6353-2,6353-3,|9,75
6353-5,2.00,4.00,1,118,,|0,74
6353-6,8.00,4.00,70,65,6353-4,6353-5,|16,82
6353-7,8.00,8.00,101,100,6353-1,6353-3,6353-5,6353-6,|21,87
6353-8,8.00,4.00,101,53,6353-7,|28,94
6379-1,2.00,4.00,1,108,,|0,86
6379-2,2.00,1.00,1,144,,|0,60
6379-3,8.00,16.00,1,115,6379-2,|10,70
6379-4,4.00,8.00,89,112,,|0,70
6379-5,1.00,0.50,295,109,6379-3,6379-4,|18,78
6379-6,2.00,2.00,23,111,,|0,70
6379-7,4.00,4.00,22,114,6379-6,|8,78
6379-8,8.00,4.00,15,117,6379-5,6379-7,|26,86
6379-9,1.00,0.50,46,52,6379-1,6379-8,|34,94
6399-1,2.00,4.00,1,144,,|0,70
6399-2,4.00,2.00,1,144,6399-1,|10,80
6399-3,4.00,2.00,1,110,,|0,73
6399-4,4.00,8.00,1,132,6399-3,|8,81
6399-5,8.00,8.00,3,71,,|0,85
6399-6,1.00,0.50,1,144,,|0,70
6399-7,8.00,4.00,1,144,,|0,60
6399-8,8.00,4.00,1,144,,|0,53
6399-9,8.00,4.00,62,97,6399-8,|10,63
6399-10,4.00,2.00,1,144,6399-7,6399-9,|17,70
6399-11,2.00,1.00,1,144,6399-6,6399-10,|27,80
6399-12,1.00,0.50,21,116,6399-2,6399-4,6399-5,6399-11,|37,90
6444-1,8.00,4.00,1,144,,|0,85
6444-2,4.00,4.00,1,144,,|0,85
6444-3,16.00,16.00,62,41,6444-1,6444-2,|10,95
6462-1,8.00,8.00,1,144,,|0,84
6462-2,8.00,16.00,2,98,,|0,87
6462-3,8.00,4.00,125,52,6462-1,6462-2,|10,94
6477-1,4.00,4.00,1,135,,|0,80
6477-2,4.00,8.00,4,108,,|0,72
6477-3,4.00,2.00,1,129,6477-2,|8,80
6477-4,4.00,2.00,16,124,,|0,80
6477-5,4.00,2.00,2,121,6477-1,6477-3,6477-4,|17,89
6483-1,8.00,4.00,125,37,,|0,95
6520-1,2.00,1.00,1,144,,|0,61
6520-2,4.00,8.00,25,105,,|0,57
6520-3,4.00,2.00,1,144,,|0,39
6520-4,4.00,2.00,4,69,6520-3,|10,49
6520-5,8.00,8.00,1,144,6520-4,|15,54
6520-6,4.00,4.00,12,96,6520-2,6520-5,|25,64
6520-7,2.00,2.00,5,144,6520-1,6520-6,|32,71
6520-8,1.00,2.00,115,92,6520-2,6520-7,|42,81
6520-9,4.00,8.00,1,144,6520-8,|49,88
6530-1,4.00,2.00,1,123,,|0,81
6530-2,1.00,0.50,46,83,,|0,77
6530-3,2.00,1.00,1,135,,|0,74
6530-4,8.00,8.00,3,116,,|0,68
6530-5,1.00,0.50,1,144,,|0,66
6530-6,8.00,8.00,1,144,,|0,66
6530-7,4.00,4.00,1,137,,|0,66
6530-8,8.00,4.00,5,109,,|0,68
6530-9,8.00,4.00,1,134,,|0,60
6530-10,4.00,4.00,13,89,,|0,63
6530-11,1.00,0.50,1,138,,|0,59
6530-12,4.00,8.00,26,104,6530-9,6530-10,6530-11,|10,69
6530-13,4.00,2.00,29,100,6530-4,6530-5,6530-6,6530-7,6530-8,6530-12,|17,76
6530-14,2.00,1.00,47,97,6530-2,6530-3,6530-13,|24,83
6530-15,4.00,2.00,1,116,6530-1,6530-14,|31,90
6586-1,0.80,0.80,82,91,,|0,73
6586-2,2.00,1.00,1,144,,|0,67
6586-3,1.60,0.80,25,87,,|0,71
6586-4,4.00,2.00,1,128,,|0,68
6586-5,2.00,1.00,1,115,,|0,69
6586-6,4.00,4.00,27,34,6586-2,6586-3,6586-4,6586-5,|10,77
6586-7,3.20,1.60,31,96,6586-1,6586-6,|13,80
6586-8,2.00,4.00,14,109,6586-7,|20,87
6586-9,4.00,2.00,3,44,6586-8,|28,95
6626-1,2.00,1.00,153,104,,|0,75
6626-2,2.00,4.00,1,144,6626-1,|7,82
6626-3,4.00,2.00,37,113,,|0,84
6626-4,2.00,1.00,1,138,,|0,82
6626-5,1.00,0.50,134,89,6626-2,6626-3,6626-4,|17,92
6634-1,1.00,0.50,4,116,,|0,72
6634-2,4.00,2.00,125,60,,|0,60
6634-3,4.00,4.00,10,116,6634-2,|4,64
6634-4,4.00,4.00,9,115,6634-3,|12,72
6634-5,4.00,8.00,1,136,,|0,53
6634-6,2.00,2.00,1,133,6634-5,|10,63
6634-7,2.00,1.00,11,112,6634-6,|19,72
6634-8,1.00,0.50,25,115,6634-1,6634-4,6634-7,|27,80
6634-9,4.00,8.00,1,144,6634-8,|35,88
6634-10,2.00,1.00,1,144,,|0,88
6645-1,2.00,4.00,1,144,,|0,69
6645-2,8.00,8.00,1,144,,|0,69
6645-3,4.00,2.00,35,101,,|0,72
6645-4,8.00,16.00,18,76,6645-1,6645-2,6645-3,|10,79
6645-5,16.00,32.00,1,144,,|0,66
6645-6,8.00,4.00,1,144,,|0,66
6645-7,8.00,4.00,1,144,,|0,66
6645-8,16.00,32.00,1,144,,|0,66
6645-9,8.00,8.00,1,132,,|0,67
6645-10,4.00,2.00,6,96,,|0,69
6645-11,8.00,8.00,5,130,6645-5,6645-6,6645-7,6645-8,6645-9,6645-10,|10,76
6645-12,8.00,8.00,1,144,,|0,75
6645-13,8.00,4.00,24,80,6645-4,6645-11,6645-12,|19,85
6645-14,2.00,2.00,97,97,6645-13,|25,91
6649-1,2.00,1.00,3,116,,|0,72
6649-2,2.00,1.00,4,122,,|0,62
6649-3,1.00,2.00,1,144,,|0,31
6649-4,8.00,4.00,1,144,,|0,31
6649-5,4.00,4.00,9,108,,|0,33
6649-6,4.00,8.00,1,144,6649-3,6649-4,6649-5,|10,41
6649-7,2.00,2.00,1,144,,|0,31
6649-8,4.00,2.00,1,144,,|0,31
6649-9,4.00,4.00,1,144,,|0,31
6649-10,4.00,4.00,1,144,,|0,31
6649-11,1.00,0.50,1,142,,|0,31
6649-12,4.00,2.00,1,128,,|0,32
6649-13,1.00,2.00,1,144,6649-7,6649-8,6649-9,6649-10,6649-11,6649-12,|10,41
6649-14,4.00,2.00,1,144,,|0,41
6649-15,4.00,2.00,1,144,6649-6,6649-13,6649-14,|20,51
6649-16,2.00,1.00,1,144,,|0,51
6649-17,4.00,4.00,1,144,6649-15,6649-16,|30,61
6649-18,2.00,2.00,3,122,6649-2,6649-17,|40,71
6649-19,2.00,1.00,22,110,6649-1,6649-18,|49,80
6649-20,8.00,16.00,1,144,6649-19,|57,88
6652-1,8.00,4.00,1,106,,|0,73
6652-2,2.00,2.00,4,122,,|0,64
6652-3,4.00,4.00,1,144,,|0,43
6652-4,4.00,2.00,1,144,,|0,33
6652-5,8.00,4.00,1,144,,|0,33
6652-6,4.00,2.00,1,144,6652-4,6652-5,|10,43
6652-7,4.00,4.00,1,144,,|0,43
6652-8,4.00,4.00,1,144,6652-3,6652-6,6652-7,|20,53
6652-9,2.00,2.00,1,144,,|0,53
6652-10,8.00,8.00,1,144,6652-8,6652-9,|30,63
6652-11,2.00,2.00,3,107,6652-2,6652-10,|40,73
6652-12,4.00,4.00,11,95,6652-1,6652-11,|48,81
6652-13,2.00,4.00,1,144,6652-12,|55,88
6667-1,1.00,0.50,1,144,,|0,74
6667-2,2.00,2.00,250,47,6667-1,|10,84
6667-3,2.00,4.00,1,144,6667-2,|14,88
6735-1,8.00,8.00,1,144,,|0,70
6735-2,8.00,4.00,1,144,6735-1,|10,80
6735-7,8.00,4.00,1,144,,|0,52
6735-3,8.00,4.00,6,73,6735-7,|10,62
6735-4,16.00,8.00,3,120,6735-3,|15,67
6735-5,8.00,4.00,6,110,6735-4,|23,75
6735-6,8.00,16.00,6,104,6735-5,|31,83
6735-8,16.00,8.00,1,144,6735-7,|10,70
6735-9,8.00,8.00,1,144,6735-8,|20,80
6735-10,8.00,4.00,6,120,6735-2,6735-6,6735-9,|38,90
6771-1,2.00,4.00,1,144,,|0,63
6771-2,8.00,4.00,1,114,6771-1,|10,73
6771-3,4.00,4.00,52,48,,|0,77
6771-4,2.00,1.00,9,124,6771-2,6771-3,|18,81
6771-5,8.00,4.00,2,112,6771-4,|27,90
6812-2,1.00,0.50,16,104,,|0,70
6812-1,4.00,2.00,2,116,6812-2,|7,77
6812-3,2.00,1.00,17,124,6812-1,6812-2,|15,85
6812-4,4.00,4.00,31,57,6812-3,|24,94
6859-1,4.00,2.00,1,136,,|0,75
6859-2,1.00,1.00,108,73,,|0,73
6859-3,2.00,4.00,103,104,6859-2,|5,78
6859-4,2.00,2.00,146,53,,|0,74
6859-5,2.00,2.00,1,128,,|0,52
6859-6,2.00,1.00,1,139,6859-5,|9,61
6859-7,2.00,4.00,20,75,,|0,66
6859-8,1.00,0.50,102,93,6859-6,6859-7,|19,71
6859-9,8.00,8.00,38,103,6859-4,6859-8,|26,78
6859-10,1.00,0.50,226,106,6859-1,6859-3,6859-9,|33,85
6859-11,2.00,4.00,89,61,6859-1,6859-10,|41,93
6873-1,2.00,2.00,1,134,,|0,81
6873-2,4.00,4.00,3,90,,|0,84
6873-3,4.00,8.00,9,114,6873-1,6873-2,|9,90
6873-4,2.00,2.00,2,78,6873-1,|9,92
6875-1,8.00,16.00,1,124,,|0,61
6875-2,4.00,8.00,1,126,6875-1,|9,70
6875-3,4.00,8.00,1,144,,|0,35
6875-4,8.00,16.00,1,144,6875-3,|10,45
6875-5,1.00,0.50,500,77,,|0,49
6875-6,8.00,8.00,1,116,6875-4,6875-5,|20,55
6875-7,4.00,8.00,4,77,6875-6,|28,63
6875-8,1.00,2.00,1,144,6875-7,|34,69
6875-9,1.00,0.50,5,124,6875-2,6875-8,|44,79
6875-10,1.00,1.00,1,144,6875-9,|53,88
6876-1,4.00,4.00,12,64,,|0,78
6876-2,4.00,4.00,1,144,6876-1,|5,83
6876-3,8.00,4.00,30,73,6876-2,|15,93
6888-1,4.00,2.00,248,70,,|0,87
6888-2,2.00,1.00,1,125,,|0,83
6888-3,8.00,4.00,124,80,6888-1,6888-2,|9,92
6899-1,1.00,1.00,14,117,,|0,86
6899-2,2.00,4.00,10,85,,|0,80
6899-3,1.00,2.00,17,64,,|0,81
6899-4,2.00,1.00,39,112,6899-2,6899-3,|6,86
6899-5,4.00,2.00,21,57,6899-1,6899-4,|14,94
6923-1,8.00,16.00,20,86,,|0,83
6923-2,8.00,4.00,7,128,6923-1,|6,89
6943-1,8.00,4.00,32,72,,|0,84
6943-2,8.00,16.00,10,122,6943-1,|5,89
6973-1,4.00,2.00,28,58,,|0,66
6973-2,4.00,2.00,14,111,6973-1,|4,70
6973-3,2.00,1.00,1,144,6973-2,|12,78
6973-4,4.00,4.00,1,144,6973-3,|22,88
6978-1,4.00,4.00,1,140,,|0,73
6978-2,2.00,1.00,68,51,,|0,71
6978-3,8.00,4.00,14,107,6978-2,|4,75
6978-4,4.00,2.00,18,96,6978-1,6978-3,|12,83
6978-5,8.00,16.00,1,120,6978-4,|19,90
7030-1,4.00,4.00,33,62,,|0,65
7030-2,4.00,2.00,14,112,7030-1,|5,70
7030-3,4.00,2.00,1,144,7030-2,|13,78
7030-4,4.00,4.00,1,144,7030-3,|23,88
7135-1,2.00,1.00,1,144,,|0,80
7135-2,1.00,1.00,58,46,,|0,66
7135-3,2.00,1.00,1,144,7135-2,|4,70
7135-4,2.00,2.00,1,144,7135-3,|14,80
7135-5,1.00,0.50,319,55,,|0,66
7135-6,2.00,2.00,3,144,7135-5,|4,70
7135-7,4.00,2.00,1,144,7135-6,|14,80
7135-8,2.00,1.00,1,144,,|0,62
7135-9,8.00,8.00,1,144,7135-8,|10,72
7135-10,1.00,0.50,3,108,7135-9,|20,82
7135-11,4.00,4.00,1,120,7135-1,7135-4,7135-7,7135-10,|28,90
7140-1,2.00,4.00,67,103,,|0,84
7140-2,4.00,4.00,1,127,,|0,72
7140-3,4.00,2.00,1,144,7140-2,|9,81
7140-4,2.00,2.00,72,99,7140-1,7140-3,|19,91
7157-1,2.00,1.00,67,98,,|0,84
7157-2,8.00,8.00,1,144,,|0,71
7157-3,2.00,1.00,1,144,7157-2,|10,81
7157-4,1.00,0.50,145,98,7157-1,7157-3,|20,91
7159-1,4.00,2.00,1,144,,|0,85
7159-2,4.00,8.00,1,144,,|0,80
7159-3,2.00,1.00,1,144,,|0,80
7159-4,4.00,2.00,6,71,,|0,78
7159-5,4.00,4.00,39,64,,|0,78
7159-6,4.00,2.00,125,95,7159-4,7159-5,|5,83
7159-7,4.00,2.00,125,70,7159-2,7159-3,7159-6,|12,90
7159-8,1.00,0.50,500,36,7159-1,7159-7,|17,95
7187-4,4.00,2.00,1,144,,|0,53
7187-1,8.00,4.00,1,144,7187-4,|10,63
7187-2,4.00,2.00,94,72,7187-1,|20,73
7187-3,4.00,2.00,1,144,7187-2,|25,78
7187-5,4.00,8.00,1,144,7187-4,|10,78
7187-6,1.00,0.50,1,144,7187-3,7187-5,|35,88
7214-1,4.00,4.00,1,114,,|0,82
7214-2,2.00,1.00,138,100,,|0,83
7214-3,4.00,2.00,73,116,7214-1,7214-2,|8,90
7214-4,2.00,1.00,1,127,,|0,89
7216-1,4.00,2.00,84,67,,|0,84
7216-2,4.00,8.00,1,144,,|0,79
7216-3,1.00,2.00,33,122,7216-1,7216-2,|10,89
7232-1,1.00,2.00,500,73,,|0,75
7232-2,8.00,4.00,1,110,7232-1,|5,80
7232-3,2.00,1.00,1,144,7232-2,|13,88
7250-1,2.00,2.00,1,144,,|0,84
7250-2,2.00,1.00,98,58,7250-1,|10,94
7255-1,8.00,8.00,17,80,,|0,72
7255-2,1.00,0.50,1,144,7255-1,|6,78
7255-3,4.00,2.00,61,103,,|0,72
7255-4,8.00,8.00,1,127,7255-3,|7,79
7255-5,1.00,2.00,1,144,7255-2,7255-4,|16,88
7312-1,8.00,16.00,5,97,,|0,89
7312-2,2.00,1.00,8,17,7312-1,|7,96
7349-1,8.00,8.00,1,144,,|0,80
7349-3,4.00,2.00,9,115,,|0,74
7349-2,4.00,4.00,11,112,7349-3,|8,82
7349-4,4.00,4.00,27,72,,|0,78
7349-5,4.00,2.00,31,94,7349-3,7349-4,|8,83
7349-6,4.00,2.00,29,120,7349-1,7349-2,7349-5,|16,90
7367-1,4.00,2.00,1,144,,|0,83
7367-2,16.00,16.00,46,83,,|0,87
7367-3,8.00,4.00,92,44,7367-1,7367-2,|10,93
7367-4,2.00,4.00,367,28,7367-3,|13,96
7386-1,2.00,1.00,1,144,,|0,85
7386-2,2.00,2.00,1,136,,|0,85
7386-3,2.00,1.00,3,63,,|0,73
7386-4,2.00,2.00,1,144,7386-3,|5,78
7386-5,16.00,8.00,41,91,7386-4,|15,88
7386-6,8.00,4.00,83,33,7386-1,7386-2,7386-5,|22,95
7390-1,1.00,0.50,3,88,,|0,82
7390-2,2.00,4.00,1,144,7390-1,|6,88
7398-1,16.00,16.00,4,104,,|0,75
7398-2,4.00,2.00,1,144,,|0,62
7398-3,8.00,4.00,1,144,7398-2,|10,72
7398-4,8.00,4.00,8,73,7398-1,7398-3,|20,82
7398-5,8.00,4.00,16,89,7398-1,7398-4,|25,87
7398-6,16.00,8.00,8,72,7398-5,|31,93
7401-1,2.00,1.00,1,132,,|0,73
7401-2,2.00,1.00,1,126,7401-1,|9,82
7401-3,2.00,2.00,114,110,,|0,83
7401-4,4.00,2.00,59,102,7401-2,7401-3,|18,91
7435-1,1.00,0.50,30,111,,|0,68
7435-2,4.00,4.00,19,116,7435-1,|8,76
7435-3,1.00,0.50,1,144,,|0,74
7435-4,4.00,2.00,16,77,7435-2,7435-3,|16,84
7435-5,8.00,4.00,1,120,7435-4,|22,90
7437-1,16.00,8.00,1,144,,|0,81
7437-2,4.00,2.00,187,77,,|0,85
7437-3,8.00,4.00,93,68,7437-1,7437-2,|10,91
7437-4,4.00,2.00,187,23,7437-3,|15,96
7453-1,8.00,16.00,1,126,,|0,74
7453-2,8.00,8.00,1,144,7453-1,|9,83
7453-3,2.00,4.00,174,82,,|0,58
7453-4,8.00,8.00,1,144,7453-3,|6,64
7453-5,8.00,4.00,1,144,7453-4,|16,74
7453-6,4.00,2.00,120,66,,|0,59
7453-7,8.00,16.00,1,144,7453-6,|5,64
7453-8,8.00,4.00,1,144,7453-7,|15,74
7453-9,16.00,32.00,1,81,,|0,62
7453-10,8.00,4.00,1,80,7453-9,|6,68
7453-11,8.00,8.00,1,144,7453-10,|12,74
7453-12,4.00,2.00,23,58,,|0,80
7453-13,8.00,4.00,2,73,,|0,79
7453-14,8.00,8.00,13,124,7453-5,7453-8,7453-11,7453-12,7453-13,|26,84
7453-15,4.00,4.00,1,144,,|0,73
7453-16,4.00,4.00,1,144,7453-15,|10,83
7453-17,8.00,4.00,1,144,,|0,83
7453-18,8.00,4.00,14,65,7453-2,7453-14,7453-16,7453-17,|35,93
7454-1,8.00,4.00,1,144,,|0,80
7454-2,8.00,4.00,94,84,,|0,84
7454-3,4.00,2.00,188,90,7454-1,7454-2,|10,90
7454-4,4.00,8.00,189,23,7454-3,|16,96
7461-1,2.00,2.00,1,144,,|0,77
7461-2,1.00,0.50,500,61,7461-1,|10,87
7461-3,4.00,4.00,33,88,7461-2,|15,92
7478-1,2.00,2.00,2,84,,|0,82
7478-2,1.00,0.50,1,144,7478-1,|6,88
7493-2,4.00,8.00,1,144,,|0,72
7493-3,2.00,1.00,192,6,,|0,81
7493-1,4.00,8.00,3,94,7493-2,7493-3,|10,82
7493-4,4.00,2.00,3,95,7493-2,7493-3,|10,82
7493-5,4.00,4.00,6,79,7493-1,7493-4,|17,89
7493-6,4.00,8.00,1,144,,|0,85
7493-7,1.00,2.00,18,45,7493-5,7493-6,|23,95
7532-1,8.00,8.00,1,131,,|0,72
7532-2,4.00,4.00,1,127,7532-1,|9,81
7532-3,8.00,4.00,33,100,,|0,83
7532-4,4.00,2.00,65,108,7532-2,7532-3,|18,90
7544-1,2.00,1.00,1,132,,|0,73
7544-2,8.00,8.00,1,128,7544-1,|9,82
7544-3,4.00,2.00,63,105,,|0,84
7544-4,8.00,8.00,30,104,7544-2,7544-3,|18,91
7576-1,4.00,2.00,5,56,,|0,84
7576-2,2.00,1.00,1,144,7576-1,|4,88
7577-1,16.00,16.00,1,135,,|0,85
7577-2,8.00,4.00,58,65,,|0,89
7577-3,16.00,16.00,29,53,7577-1,7577-2,|9,94
7598-1,2.00,2.00,70,52,,|0,86
7598-2,2.00,1.00,1,144,,|0,80
7598-3,4.00,2.00,41,113,7598-1,7598-2,|10,90
7625-1,8.00,4.00,2,134,,|0,89
7639-1,2.00,4.00,8,133,,|0,89
7659-1,4.00,2.00,5,126,,|0,89
7676-1,1.00,0.50,28,126,,|0,89
7678-1,2.00,1.00,15,128,,|0,89
7696-1,2.00,1.00,10,131,,|0,89
7698-1,2.00,1.00,10,124,,|0,89
7709-1,4.00,2.00,4,131,,|0,89
7711-1,1.00,1.00,19,131,,|0,89
7719-1,4.00,4.00,5,127,,|0,89
7761-1,2.00,1.00,23,129,,|0,89
7767-1,4.00,4.00,12,125,,|0,89
7799-1,2.00,1.00,20,124,,|0,89
7817-1,4.00,4.00,10,128,,|0,89
7819-1,4.00,2.00,10,120,,|0,90
7856-1,2.00,2.00,23,133,,|0,89
7933-1,2.00,1.00,1,138,,|0,69
7933-2,4.00,2.00,1,144,7933-1,|10,79
7933-3,8.00,4.00,62,32,,|0,70
7933-4,2.00,1.00,53,119,7933-3,|3,73
7933-5,1.00,0.50,11,118,7933-4,|11,81
7933-6,4.00,2.00,1,126,7933-2,7933-5,|20,89
7994-1,8.00,16.00,5,121,,|0,78
7994-2,8.00,4.00,62,76,,|0,81
7994-3,4.00,2.00,76,94,7994-1,7994-2,|9,87
7994-4,2.00,2.00,1,144,,|0,78
7994-5,2.00,1.00,150,104,,|0,74
7994-6,4.00,2.00,1,144,,|0,71
7994-7,4.00,2.00,23,105,7994-5,7994-6,|10,81
7994-8,2.00,1.00,15,87,7994-4,7994-7,|17,88
7994-9,4.00,2.00,32,49,7994-3,7994-8,|23,94
7998-1,16.00,16.00,8,92,,|0,68
7998-2,2.00,1.00,22,117,7998-1,|7,75
7998-3,16.00,16.00,1,144,,|0,66
7998-4,8.00,4.00,1,144,,|0,56
7998-5,16.00,8.00,1,144,7998-4,|10,66
7998-6,8.00,4.00,1,144,,|0,66
7998-7,16.00,16.00,8,92,7998-3,7998-5,7998-6,|20,76
7998-8,16.00,8.00,11,136,7998-2,7998-7,|27,83
7998-9,16.00,16.00,10,71,7998-8,|37,93
8014-1,8.00,8.00,40,88,,|0,60
8014-2,4.00,2.00,12,106,8014-1,|6,66
8014-3,2.00,4.00,1,136,,|0,55
8014-4,8.00,4.00,1,122,8014-3,|10,65
8014-5,2.00,1.00,20,84,8014-2,8014-4,|19,74
8014-6,2.00,1.00,3,110,8014-5,|25,80
8014-7,4.00,2.00,1,144,8014-6,|33,88
8027-1,4.00,2.00,81,96,,|0,55
8027-2,8.00,4.00,6,117,8027-1,|7,62
8027-3,4.00,2.00,1,136,,|0,52
8027-4,2.00,2.00,1,118,8027-3,|10,62
8027-5,8.00,16.00,5,107,8027-2,8027-4,|18,70
8027-6,4.00,8.00,1,144,8027-5,|26,78
8027-7,2.00,1.00,1,144,8027-6,|36,88
8041-1,8.00,4.00,62,39,,|0,76
8041-2,4.00,2.00,2,122,8041-1,|3,79
8041-3,4.00,2.00,1,144,8041-2,|12,88
8122-1,1.00,0.50,500,48,,|0,73
8122-2,4.00,2.00,47,6,8122-1,|4,77
8122-3,2.00,2.00,1,144,8122-2,|5,78
8122-4,4.00,2.00,1,144,8122-3,|15,88
8188-1,8.00,4.00,62,39,,|0,76
8188-2,4.00,8.00,2,121,8188-1,|3,79
8188-3,1.00,0.50,1,144,8188-2,|12,88
8206-1,4.00,4.00,125,41,,|0,76
8206-2,2.00,1.00,5,131,8206-1,|3,79
8206-3,2.00,1.00,1,144,8206-2,|12,88
8220-1,2.00,4.00,1,136,,|0,81
8220-2,1.00,0.50,1,144,,|0,73
8220-3,1.00,0.50,3,112,8220-2,|10,83
8220-4,4.00,8.00,61,102,8220-1,8220-3,|18,91
8231-1,2.00,2.00,1,127,,|0,82
8231-2,2.00,1.00,1,144,,|0,74
8231-3,4.00,8.00,1,97,8231-2,|10,84
8231-4,8.00,4.00,30,105,8231-1,8231-3,|17,91
8244-1,4.00,4.00,125,41,,|0,67
8244-2,8.00,4.00,10,110,8244-1,|3,70
8244-3,1.00,0.50,1,144,8244-2,|11,78
8244-4,2.00,1.00,1,144,8244-3,|21,88
8263-1,4.00,4.00,125,40,,|0,68
8263-2,1.00,1.00,82,105,8263-1,|3,71
8263-3,2.00,1.00,1,144,8263-2,|10,78
8263-4,4.00,2.00,1,144,8263-3,|20,88
8285-1,1.00,1.00,500,40,,|0,67
8285-2,4.00,2.00,20,112,8285-1,|3,70
8285-3,4.00,8.00,1,144,8285-2,|11,78
8285-4,2.00,4.00,1,144,8285-3,|21,88
8321-2,4.00,4.00,17,93,,|0,73
8321-3,2.00,1.00,1,144,,|0,70
8321-1,4.00,2.00,3,95,8321-2,8321-3,|10,81
8321-4,4.00,2.00,1,117,8321-2,8321-3,|10,80
8321-5,2.00,1.00,1,144,8321-1,8321-4,|18,88
8335-4,4.00,2.00,125,86,,|0,46
8335-6,2.00,1.00,49,96,,|0,55
8335-3,2.00,2.00,1,144,,|0,59
8335-1,4.00,4.00,1,144,8335-4,|6,78
8335-5,1.00,1.00,1,144,8335-4,|6,52
8335-2,2.00,4.00,18,116,8335-6,|7,71
8335-7,4.00,4.00,31,100,8335-5,8335-6,|16,62
8335-8,4.00,2.00,1,144,8335-3,8335-7,|23,69
8335-9,2.00,4.00,2,124,8335-2,8335-8,|33,79
8335-10,4.00,2.00,1,144,8335-1,8335-9,|42,88
8349-1,8.00,16.00,55,88,,|0,92
8369-1,2.00,2.00,179,86,,|0,72
8369-2,4.00,2.00,1,144,8369-1,|6,78
8369-3,4.00,4.00,1,144,8369-1,8369-2,|16,88
8392-1,4.00,2.00,1,101,,|0,85
8392-2,2.00,2.00,6,112,,|0,79
8392-3,4.00,2.00,1,127,,|0,73
8392-4,2.00,1.00,1,144,,|0,66
8392-5,8.00,16.00,1,76,,|0,65
8392-6,2.00,2.00,138,73,8392-5,|6,71
8392-7,2.00,2.00,147,76,8392-4,8392-6,|11,76
8392-8,1.00,0.50,315,71,8392-3,8392-7,|17,82
8392-9,4.00,2.00,78,73,8392-2,8392-8,|22,87
8392-10,2.00,4.00,141,79,8392-1,8392-9,|27,92
8424-1,4.00,8.00,95,68,,|0,91
8424-2,4.00,2.00,1,129,,|0,77
8424-3,2.00,1.00,1,144,8424-2,|9,86
8424-4,2.00,1.00,6,24,8424-1,8424-3,|19,96
8431-6,8.00,4.00,1,144,,|0,60
8431-2,4.00,2.00,1,144,,|0,52
8431-3,8.00,8.00,2,132,,|0,53
8431-4,8.00,4.00,2,119,8431-2,8431-3,|10,62
8431-5,8.00,8.00,2,115,8431-4,8431-6,|18,70
8431-1,2.00,1.00,8,116,8431-5,8431-6,|26,78
8431-7,8.00,16.00,2,110,8431-5,8431-6,|26,78
8431-8,8.00,8.00,5,103,8431-1,8431-7,|34,86
8431-9,8.00,8.00,5,73,8431-8,|41,93
8450-1,2.00,4.00,1,144,,|0,75
8450-2,4.00,8.00,1,144,8450-1,|10,85
8450-3,8.00,4.00,44,68,,|0,85
8450-4,2.00,1.00,500,79,,|0,84
8450-5,8.00,16.00,125,74,8450-3,8450-4,|6,90
8450-6,8.00,4.00,125,45,8450-2,8450-5,|20,95
8455-1,16.00,16.00,1,144,,|0,75
8455-2,8.00,4.00,1,144,8455-1,|10,85
8455-3,8.00,4.00,45,71,,|0,83
8455-4,16.00,8.00,62,75,,|0,83
8455-5,2.00,1.00,500,105,8455-3,8455-4,|5,88
8455-6,4.00,2.00,250,44,8455-2,8455-5,|20,95
8467-3,1.00,0.50,1,130,,|0,55
8467-1,8.00,4.00,1,144,8467-3,|9,64
8467-2,4.00,2.00,70,75,8467-1,|19,74
8467-4,4.00,2.00,1,144,8467-3,|9,69
8467-5,4.00,2.00,1,124,8467-2,8467-4,|24,79
8467-6,1.00,0.50,1,144,8467-5,|33,88
8492-1,4.00,4.00,30,63,,|0,74
8492-3,4.00,2.00,108,110,,|0,71
8492-2,4.00,2.00,64,108,8492-1,8492-3,|8,79
8492-4,2.00,1.00,150,98,8492-2,8492-3,|16,87
8492-5,2.00,1.00,45,54,8492-4,|23,94
8515-1,2.00,1.00,4,30,,|0,90
8515-2,4.00,4.00,10,69,,|0,87
8515-3,8.00,8.00,15,80,8515-1,8515-2,|5,92
8547-1,4.00,2.00,1,144,,|0,73
8547-2,8.00,4.00,125,81,,|0,77
8547-3,16.00,8.00,62,121,8547-1,8547-2,|10,83
8547-4,4.00,4.00,1,144,,|0,82
8547-5,8.00,16.00,125,36,8547-3,8547-4,|19,92
8547-6,2.00,1.00,500,44,8547-5,|22,95
8575-1,4.00,2.00,1,144,,|0,72
8575-2,4.00,2.00,87,60,8575-1,|10,82
8575-3,4.00,2.00,250,22,8575-2,|14,86
8575-4,8.00,4.00,1,144,8575-3,|16,88
8575-5,4.00,2.00,250,46,8575-2,|14,92
8575-6,8.00,4.00,125,27,8575-5,|18,96
8575-7,2.00,1.00,500,78,8575-2,|14,91
8575-8,8.00,16.00,125,8,8575-7,|20,97
8575-9,16.00,8.00,62,68,8575-2,|14,92
8575-10,8.00,4.00,125,8,8575-9,|19,97
8575-11,4.00,2.00,250,60,8575-2,|14,93
8575-12,4.00,2.00,250,9,8575-11,|18,97
8575-13,16.00,8.00,62,20,8575-2,|14,95
8575-14,2.00,2.00,500,3,8575-13,|16,97
8575-15,8.00,4.00,125,53,8575-2,|14,93
8575-16,4.00,2.00,250,8,8575-15,|18,97
8575-17,4.00,2.00,250,59,8575-2,|14,93
8575-18,16.00,8.00,62,11,8575-17,|18,97
8575-19,2.00,4.00,500,32,8575-2,|14,94
8575-20,2.00,2.00,500,12,8575-19,|17,97
8575-21,2.00,1.00,500,54,8575-2,|14,92
8575-22,4.00,4.00,250,16,8575-21,|18,96
8575-23,8.00,4.00,125,68,8575-2,|14,91
8575-24,16.00,16.00,62,26,8575-23,|19,96
8575-25,4.00,4.00,250,56,8575-2,|14,91
8575-26,16.00,32.00,62,32,8575-25,|18,95
8575-27,2.00,1.00,500,64,8575-2,|14,91
8575-28,4.00,4.00,250,24,8575-27,|19,96
8575-29,8.00,4.00,125,60,8575-2,|14,93
8575-30,16.00,16.00,62,11,8575-29,|18,97
8575-31,8.00,16.00,125,72,8575-2,|14,91
8575-32,4.00,2.00,250,17,8575-31,|19,96
8575-33,16.00,8.00,62,66,8575-2,|14,91
8575-34,8.00,4.00,125,30,8575-33,|19,96
8577-1,4.00,4.00,9,90,,|0,75
8577-2,4.00,4.00,1,127,8577-1,|6,81
8577-3,2.00,1.00,68,102,,|0,74
8577-4,1.00,2.00,177,53,,|0,77
8577-5,4.00,2.00,1,134,8577-3,8577-4,|7,81
8577-6,8.00,8.00,1,111,8577-2,8577-5,|16,90
8618-1,8.00,4.00,1,80,,|0,59
8618-2,1.00,2.00,7,120,8618-1,|6,65
8618-3,1.00,0.50,6,123,8618-2,|14,73
8618-4,8.00,4.00,11,71,,|0,69
8618-5,2.00,2.00,68,114,8618-4,|5,74
8618-6,4.00,8.00,19,110,8618-3,8618-5,|23,82
8618-7,4.00,2.00,14,108,8618-6,|31,90
8620-1,2.00,2.00,46,71,,|0,89
8620-2,2.00,1.00,45,60,,|0,90
8620-3,8.00,4.00,23,60,8620-1,8620-2,|5,94
8629-1,1.00,2.00,55,125,,|0,76
8629-2,1.00,0.50,46,100,8629-1,|9,85
8629-3,4.00,8.00,1,144,,|0,63
8629-4,4.00,2.00,1,144,8629-3,|10,73
8629-5,2.00,1.00,2,103,,|0,76
8629-6,4.00,4.00,1,124,8629-4,8629-5,|20,83
8629-7,4.00,2.00,14,87,8629-2,8629-6,|29,92
8668-1,4.00,2.00,125,61,,|0,85
8668-2,8.00,16.00,1,144,,|0,70
8668-3,4.00,4.00,1,144,,|0,70
8668-4,4.00,2.00,1,144,8668-2,8668-3,|10,80
8668-5,4.00,2.00,4,109,8668-1,8668-4,|20,90
8672-1,2.00,2.00,1,144,,|0,78
8672-2,4.00,2.00,1,111,,|0,62
8672-3,4.00,2.00,20,84,,|0,64
8672-4,8.00,8.00,2,120,8672-2,8672-3,|8,70
8672-5,4.00,8.00,1,119,,|0,65
8672-6,2.00,1.00,14,115,,|0,65
8672-7,4.00,2.00,1,144,,|0,53
8672-8,4.00,8.00,1,144,8672-7,|10,63
8672-9,8.00,4.00,1,68,8672-5,8672-6,8672-8,|20,73
8672-10,4.00,2.00,5,111,8672-4,8672-9,|25,78
8672-11,2.00,1.00,47,23,8672-10,|33,86
8672-12,2.00,2.00,1,144,8672-1,8672-11,|35,88
8698-12,4.00,8.00,1,144,,|0,69
8698-2,4.00,2.00,1,144,8698-12,|10,85
8698-9,4.00,4.00,1,144,,|0,65
8698-4,4.00,8.00,1,144,8698-12,|10,80
8698-10,8.00,4.00,11,64,8698-9,|10,75
8698-6,8.00,4.00,11,117,8698-10,|15,82
8698-7,8.00,4.00,1,144,8698-12,|10,80
8698-8,16.00,8.00,5,61,8698-6,8698-7,|23,90
8698-3,4.00,2.00,22,57,8698-10,|15,86
8698-5,4.00,8.00,22,66,8698-3,8698-4,|20,90
8698-11,8.00,8.00,10,123,8698-10,|15,80
8698-1,4.00,2.00,1,144,8698-12,|10,85
8698-13,8.00,4.00,1,144,8698-12,|10,79
8698-14,4.00,2.00,21,85,8698-11,8698-13,|24,89
8698-15,4.00,2.00,69,40,8698-1,8698-2,8698-5,8698-8,8698-12,8698-14,|30,95
8747-1,8.00,4.00,1,144,,|0,73
8747-2,4.00,4.00,1,144,8747-1,|10,83
8747-3,2.00,1.00,6,116,,|0,85
8747-4,8.00,4.00,1,144,,|0,83
8747-5,8.00,8.00,1,56,8747-2,8747-3,8747-4,|20,93
8747-6,8.00,8.00,125,51,,|0,87
8747-7,2.00,1.00,500,84,8747-6,|4,91
8747-8,16.00,32.00,1,86,,|0,83
8747-9,16.00,32.00,1,115,8747-8,|6,89
8747-10,8.00,16.00,125,12,8747-5,8747-7,8747-9,|24,97
8755-1,2.00,2.00,57,80,,|0,83
8755-2,8.00,4.00,15,124,8755-1,|6,89
8787-12,16.00,32.00,1,144,,|0,62
8787-2,4.00,2.00,1,144,8787-12,|10,82
8787-9,2.00,1.00,1,144,,|0,58
8787-4,2.00,1.00,1,144,8787-12,|10,73
8787-10,8.00,4.00,11,66,8787-9,|10,68
8787-6,2.00,1.00,43,133,8787-10,|15,73
8787-7,8.00,4.00,1,144,8787-12,|10,72
8787-8,8.00,4.00,11,136,8787-6,8787-7,|24,82
8787-3,8.00,16.00,11,93,8787-10,|15,76
8787-5,4.00,2.00,22,129,8787-3,8787-4,|22,83
8787-11,2.00,1.00,44,128,8787-10,|15,73
8787-1,4.00,4.00,1,144,8787-12,|10,82
8787-13,8.00,4.00,1,144,8787-12,|10,72
8787-14,8.00,4.00,11,140,8787-11,8787-13,|24,82
8787-15,8.00,8.00,34,84,8787-1,8787-2,8787-5,8787-8,8787-12,8787-14,|34,92
8800-2,8.00,4.00,1,144,,|0,50
8800-3,8.00,16.00,1,144,8800-2,|10,60
8800-4,8.00,4.00,16,114,8800-3,|20,70
8800-1,4.00,2.00,11,112,8800-4,|28,78
8800-5,16.00,16.00,8,115,8800-4,|28,78
8800-6,4.00,8.00,44,55,8800-1,8800-5,|36,86
8800-7,2.00,1.00,89,50,8800-6,|40,90
8800-8,8.00,8.00,22,60,8800-7,|44,94
8820-1,4.00,2.00,1,144,,|0,68
8820-2,2.00,1.00,1,144,8820-1,|10,78
8820-5,2.00,1.00,1,144,,|0,59
8820-4,1.00,2.00,6,135,8820-5,|10,69
8820-3,4.00,2.00,1,121,8820-5,|10,69
8820-6,4.00,2.00,1,133,8820-5,|10,69
8820-7,4.00,4.00,1,144,8820-3,8820-4,8820-6,|19,78
8820-8,4.00,4.00,1,144,8820-2,8820-7,|29,88
8834-1,8.00,8.00,6,100,,|0,85
8834-2,1.00,0.50,142,48,,|0,88
8834-3,4.00,8.00,41,85,8834-1,8834-2,|7,92
8853-1,12.00,6.00,1,119,,|0,83
8853-2,2.00,2.00,20,90,,|0,85
8853-3,5.20,5.20,31,99,8853-1,8853-2,|8,91
8860-1,3.00,3.00,53,43,,|0,88
8860-2,5.20,2.60,16,95,8860-1,|3,91
8861-1,6.00,3.00,30,48,,|0,86
8861-2,1.30,1.30,87,110,8861-1,|4,90
8864-1,6.00,3.00,21,38,,|0,87
8864-2,5.20,10.40,7,111,8864-1,|3,90
8885-1,6.00,6.00,7,108,,|0,82
8885-2,6.00,3.00,3,118,,|0,82
8885-3,3.00,1.50,1,142,,|0,80
8885-4,3.00,3.00,2,120,,|0,82
8885-5,6.00,12.00,1,129,,|0,81
8885-6,3.00,1.50,1,129,,|0,73
8885-7,3.00,6.00,1,101,,|0,75
8885-8,1.50,0.75,3,134,,|0,73
8885-9,1.50,3.00,7,133,,|0,73
8885-10,6.00,3.00,12,102,,|0,75
8885-11,3.00,3.00,7,125,,|0,65
8885-12,6.00,3.00,35,87,,|0,60
8885-13,1.50,1.50,218,57,,|0,54
8885-14,6.00,3.00,48,110,8885-13,|4,58
8885-15,3.00,1.50,126,113,8885-12,8885-14,|12,66
8885-16,3.00,6.00,105,112,8885-11,8885-15,|20,74
8885-17,1.50,1.50,234,118,8885-6,8885-7,8885-8,8885-9,8885-10,8885-16,|28,82
8885-18,6.00,12.00,64,112,8885-1,8885-2,8885-3,8885-4,8885-5,8885-17,|36,90
8891-1,6.00,3.00,23,116,,|0,68
8891-5,3.00,1.50,5,108,,|0,68
8891-2,2.40,1.20,70,101,8891-1,8891-5,|8,76
8891-4,2.60,1.30,71,95,,|0,77
8891-3,5.60,5.60,7,118,8891-2,|15,83
8891-6,1.20,0.60,139,100,8891-4,8891-5,|8,84
8891-7,2.00,1.00,28,104,8891-3,8891-6,|23,91
8896-1,6.00,3.00,23,118,,|0,76
8896-2,8.00,4.00,14,92,,|0,77
8896-3,1.20,0.60,184,94,8896-1,8896-2,|8,84
8896-4,4.80,2.40,4,92,8896-3,|15,91
9023-1,11.20,5.60,2,95,,|0,88
9023-2,2.00,1.00,60,34,9023-1,|7,95
9034-1,4.00,2.00,89,50,,|0,79
9034-2,12.00,6.00,16,118,9034-1,|4,83
9034-3,4.00,2.00,1,144,,|0,63
9034-4,4.00,2.00,1,144,9034-3,|10,73
9034-5,4.00,4.00,95,60,,|0,71
9034-6,6.00,6.00,10,119,9034-5,|4,75
9034-7,4.00,4.00,125,64,,|0,63
9034-8,12.00,12.00,20,120,9034-7,|5,68
9034-9,4.00,2.00,1,144,,|0,66
9034-10,1.00,1.00,226,95,9034-8,9034-9,|13,76
9034-11,1.60,0.80,46,108,9034-4,9034-6,9034-10,|20,83
9034-12,4.00,4.00,47,96,9034-2,9034-11,|28,91
9048-1,4.00,8.00,1,144,,|0,72
9048-2,8.00,16.00,3,112,,|0,74
9048-3,4.00,2.00,6,120,9048-1,9048-2,|10,82
9048-4,16.00,32.00,62,67,,|0,60
9048-5,2.00,1.00,500,99,9048-4,|5,65
9048-6,8.00,4.00,2,77,,|0,66
9048-7,4.00,2.00,250,88,9048-5,9048-6,|12,72
9048-8,16.00,16.00,62,67,9048-7,|18,78
9048-9,4.00,2.00,250,91,9048-8,|23,83
9048-10,4.00,4.00,250,76,9048-3,9048-9,|30,90
9048-11,8.00,4.00,125,18,9048-10,|36,96
9065-1,8.00,4.00,47,76,,|0,72
9065-2,8.00,8.00,1,144,9065-1,|6,78
9065-3,8.00,8.00,1,144,9065-2,|16,88
9074-1,4.00,2.00,35,104,,|0,87
9074-2,4.00,2.00,1,140,,|0,84
9074-3,4.00,2.00,38,60,9074-1,9074-2,|10,94
9083-1,4.00,4.00,21,29,,|0,92
9083-2,16.00,8.00,33,116,,|0,86
9083-3,4.00,2.00,156,48,9083-1,9083-2,|8,94
9091-1,4.00,8.00,46,52,,|0,78
9091-2,8.00,4.00,1,135,,|0,73
9091-3,4.00,2.00,79,84,9091-1,9091-2,|9,82
9091-4,1.00,1.00,1,144,9091-2,9091-3,|15,88
9105-1,1.00,1.00,2,138,,|0,80
9105-2,4.00,2.00,2,88,,|0,84
9105-3,1.00,0.50,5,93,,|0,83
9105-4,8.00,4.00,1,98,,|0,83
9105-5,4.00,2.00,2,124,,|0,81
9105-6,2.00,2.00,1,77,,|0,84
9105-7,8.00,8.00,1,76,,|0,84
9105-8,8.00,4.00,1,136,,|0,80
9105-9,8.00,4.00,1,112,,|0,82
9105-10,4.00,2.00,2,130,,|0,81
9105-11,2.00,1.00,29,103,,|0,83
9105-12,4.00,2.00,1,104,,|0,83
9105-13,4.00,2.00,1,128,,|0,81
9105-14,2.00,1.00,2,104,,|0,83
9105-15,4.00,2.00,28,112,9105-1,9105-2,9105-3,9105-4,9105-5,9105-6,9105-7,9105-8,9105-9,9105-10,9105-11,9105-12,9105-13,9105-14,|10,90
9107-1,4.00,2.00,66,26,,|0,96
9109-1,4.00,2.00,27,115,,|0,82
9109-2,1.00,1.00,161,108,9109-1,|8,90
9118-1,1.00,0.50,184,116,,|0,90
9118-2,2.00,1.00,43,92,,|0,91
9130-1,8.00,16.00,125,97,,|0,87
9130-2,2.00,2.00,1,128,,|0,85
9130-3,4.00,4.00,1,144,,|0,84
9130-4,8.00,8.00,1,144,,|0,84
9130-5,2.00,1.00,500,57,9130-1,9130-2,9130-3,9130-4,|10,94
9134-1,2.00,1.00,250,20,,|0,86
9134-2,8.00,16.00,1,144,9134-1,|2,88
9141-1,2.00,2.00,4,124,,|0,78
9141-2,4.00,4.00,7,53,9141-1,|9,87
9141-3,2.00,1.00,1,136,,|0,65
9141-4,8.00,8.00,1,133,9141-3,|10,75
9141-5,4.00,4.00,105,66,,|0,71
9141-6,4.00,2.00,3,115,9141-5,|5,76
9141-7,4.00,2.00,3,128,,|0,75
9141-8,2.00,4.00,15,105,9141-4,9141-6,9141-7,|19,84
9141-9,2.00,1.00,42,96,9141-2,9141-8,|26,91
9240-1,2.00,1.00,127,95,,|0,83
9240-2,1.00,1.00,69,95,,|0,76
9240-3,4.00,2.00,7,111,,|0,75
9240-4,1.00,0.50,101,101,9240-2,9240-3,|8,83
9240-5,2.00,1.00,92,116,9240-1,9240-4,|15,90
9285-1,4.00,2.00,24,50,,|0,67
9285-2,4.00,8.00,8,144,9285-1,|4,71
9285-3,8.00,4.00,95,57,9285-2,|14,81
9285-4,8.00,4.00,95,44,9285-3,|18,85
9285-5,8.00,8.00,1,144,9285-4,|21,88
9286-1,4.00,2.00,36,71,,|0,85
9286-2,8.00,8.00,18,67,,|0,85
9286-3,8.00,8.00,28,116,9286-1,9286-2,|5,90
9329-1,4.00,4.00,44,113,,|0,80
9329-2,4.00,4.00,1,144,9329-1,|8,88
9341-1,2.00,2.00,128,84,,|0,92
9390-1,4.00,2.00,25,81,,|0,92
9394-1,8.00,4.00,1,144,,|0,73
9394-2,2.00,2.00,61,108,9394-1,|10,83
9394-3,2.00,1.00,78,78,,|0,85
9394-4,4.00,4.00,34,97,9394-2,9394-3,|18,91
9397-2,4.00,2.00,46,77,,|0,72
9397-1,2.00,4.00,65,108,9397-2,|6,78
9397-3,4.00,4.00,55,116,9397-1,9397-2,|14,86
9397-4,8.00,8.00,58,61,,|0,89
9397-5,2.00,1.00,159,52,9397-3,9397-4,|22,94
9445-1,8.00,4.00,30,99,,|0,85
9445-2,1.00,0.50,1,144,,|0,82
9445-3,4.00,4.00,48,90,9445-1,9445-2,|10,92
9447-1,4.00,2.00,51,61,,|0,86
9447-2,2.00,4.00,64,93,9447-1,|5,91
9447-3,4.00,2.00,125,60,,|0,86
9447-4,8.00,4.00,19,116,9447-3,|4,90
9450-1,1.00,0.50,2,127,,|0,64
9450-2,8.00,16.00,1,144,9450-1,|9,73
9450-3,8.00,4.00,1,120,9450-2,|19,83
9450-4,4.00,2.00,46,104,,|0,84
9450-5,2.00,1.00,73,100,9450-3,9450-4,|27,91
9534-1,4.00,8.00,24,96,,|0,91
9541-1,2.00,2.00,31,114,,|0,80
9541-2,8.00,4.00,1,144,9541-1,|8,88
9566-1,2.00,1.00,1,138,,|0,75
9566-2,8.00,4.00,68,87,,|0,79
9566-3,8.00,4.00,49,55,,|0,81
9566-4,16.00,8.00,59,71,9566-1,9566-2,9566-3,|10,85
9566-5,2.00,1.00,3,129,,|0,81
9566-6,8.00,4.00,118,79,9566-4,9566-5,|15,90
9566-7,4.00,2.00,237,28,9566-6,|21,96
9598-1,4.00,2.00,64,75,,|0,91
9598-2,2.00,4.00,14,112,,|0,84
9598-3,1.00,0.50,500,60,9598-2,|8,92
9598-4,2.00,2.00,250,26,9598-1,9598-3,|12,96
9637-1,8.00,4.00,25,60,,|0,90
9637-2,8.00,4.00,1,144,,|0,82
9637-3,16.00,8.00,1,144,,|0,82
9637-4,8.00,4.00,121,41,,|0,81
9637-5,4.00,2.00,133,49,,|0,80
9637-6,4.00,4.00,250,108,9637-4,9637-5,|4,84
9637-7,8.00,4.00,10,101,,|0,85
9637-8,8.00,4.00,125,16,9637-2,9637-3,9637-6,9637-7,|12,92
9637-9,8.00,4.00,125,60,9637-1,9637-8,|14,94
9640-1,8.00,4.00,3,111,,|0,83
9640-2,4.00,2.00,125,94,,|0,76
9640-3,1.00,0.50,146,77,,|0,69
9640-4,4.00,8.00,8,118,9640-3,|6,75
9640-5,2.00,1.00,33,119,9640-2,9640-4,|14,83
9640-6,8.00,8.00,3,105,9640-1,9640-5,|22,91
9643-1,4.00,2.00,125,64,,|0,83
9643-2,8.00,8.00,1,144,9643-1,|5,88
9651-1,8.00,8.00,2,111,,|0,36
9651-2,4.00,2.00,21,105,9651-1,|8,44
9651-3,2.00,2.00,35,108,9651-2,|15,51
9651-4,2.00,1.00,31,105,9651-3,|23,59
9651-5,4.00,2.00,11,120,9651-4,|30,66
9651-6,4.00,8.00,10,116,9651-5,|38,74
9651-7,4.00,2.00,12,113,9651-6,|46,82
9651-8,8.00,8.00,5,109,9651-7,|54,90
9694-1,2.00,2.00,2,135,,|0,75
9694-2,4.00,2.00,57,100,,|0,77
9694-3,8.00,16.00,22,113,9694-1,9694-2,|9,84
9694-4,4.00,2.00,39,88,9694-3,|17,92
9700-1,4.00,2.00,125,37,,|0,85
9700-2,1.00,0.50,1,144,9700-1,|3,88
9708-1,4.00,4.00,24,48,,|0,90
9708-2,16.00,8.00,2,112,,|0,86
9708-3,8.00,16.00,3,116,,|0,79
9708-4,8.00,4.00,21,80,,|0,74
9708-5,4.00,2.00,20,113,,|0,72
9708-6,8.00,4.00,1,144,,|0,70
9708-7,8.00,4.00,31,92,9708-4,9708-5,9708-6,|10,80
9708-8,4.00,4.00,70,100,9708-3,9708-7,|17,87
9708-9,8.00,4.00,52,53,9708-1,9708-2,9708-8,|24,94
9761-1,4.00,8.00,3,124,,|0,71
9761-2,1.00,0.50,4,110,,|0,72
9761-3,4.00,2.00,1,144,9761-2,|8,80
9761-4,1.00,1.00,25,107,9761-1,9761-3,|18,90
9761-5,4.00,4.00,1,140,,|0,70
9761-6,4.00,4.00,8,108,9761-1,9761-5,|10,80
9761-7,4.00,2.00,1,144,9761-6,|18,88
9788-1,2.00,1.00,21,82,,|0,85
9788-2,2.00,1.00,1,92,9788-1,|6,91
9802-1,4.00,4.00,11,71,,|0,87
9802-2,4.00,2.00,1,85,9802-1,|5,92
9814-1,1.00,0.50,54,84,,|0,85
9814-2,2.00,1.00,1,94,9814-1,|6,91
9826-1,4.00,2.00,14,93,,|0,84
9826-2,4.00,2.00,1,92,9826-1,|7,91
9832-1,4.00,2.00,13,75,,|0,84
9832-2,2.00,2.00,1,129,9832-1,|5,89
9861-1,1.00,0.50,73,49,,|0,88
9861-2,4.00,4.00,1,85,9861-1,|4,92
9897-28,8.00,8.00,1,144,,|0,58
9897-2,8.00,8.00,1,91,9897-28,|10,71
9897-3,2.00,1.00,5,130,9897-28,|10,69
9897-4,4.00,4.00,2,144,9897-28,|10,68
9897-5,8.00,4.00,1,130,9897-28,|10,69
9897-6,8.00,4.00,1,144,9897-28,|10,68
9897-7,16.00,8.00,1,144,9897-28,|10,68
9897-8,8.00,4.00,1,117,9897-28,|10,70
9897-9,2.00,1.00,5,144,9897-28,|10,68
9897-10,8.00,4.00,1,64,9897-28,|10,73
9897-11,8.00,4.00,1,104,9897-28,|10,71
9897-12,4.00,8.00,2,64,9897-28,|10,73
9897-13,8.00,16.00,1,78,9897-28,|10,72
9897-1,4.00,8.00,2,78,9897-28,|10,72
9897-15,16.00,8.00,1,52,9897-28,|10,74
9897-16,2.00,1.00,5,78,9897-28,|10,72
9897-17,8.00,16.00,1,78,9897-28,|10,72
9897-18,2.00,1.00,5,104,9897-28,|10,71
9897-19,16.00,8.00,1,39,9897-28,|10,75
9897-20,8.00,4.00,1,78,9897-28,|10,72
9897-21,4.00,2.00,2,39,9897-28,|10,75
9897-22,8.00,8.00,1,91,9897-28,|10,71
9897-23,8.00,16.00,1,52,9897-28,|10,74
9897-24,8.00,4.00,1,104,9897-28,|10,71
9897-25,16.00,32.00,1,130,9897-28,|10,69
9897-26,2.00,2.00,5,78,9897-28,|10,72
9897-27,4.00,4.00,2,78,9897-28,|10,72
9897-14,8.00,16.00,17,86,9897-1,9897-2,9897-3,9897-4,9897-5,9897-6,9897-7,9897-8,9897-9,9897-10,9897-11,9897-12,9897-13,|20,78
9897-29,8.00,4.00,1,52,9897-28,|10,74
9897-30,4.00,2.00,38,88,9897-15,9897-16,9897-17,9897-18,9897-19,9897-20,9897-21,9897-22,9897-23,9897-24,9897-25,9897-26,9897-27,9897-29,|19,78
9897-31,4.00,4.00,74,56,9897-14,9897-30,|26,84
9897-32,16.00,8.00,1,144,9897-31,|30,88
9962-1,4.00,2.00,1,144,,|0,71
9962-2,4.00,2.00,1,144,9962-1,|10,81
9962-3,8.00,4.00,35,92,9962-2,|20,91
9976-1,2.00,1.00,250,74,,|0,93
9981-1,1.00,1.00,15,91,,|0,76
9981-2,4.00,2.00,20,123,,|0,74
9981-3,4.00,4.00,50,104,9981-1,9981-2,|9,83
9981-4,4.00,8.00,4,108,,|0,82
9981-5,8.00,4.00,41,116,9981-3,9981-4,|16,90
9996-1,2.00,1.00,1,144,,|0,78
9996-2,2.00,1.00,92,28,,|0,80
9996-3,8.00,8.00,23,84,9996-2,|2,82
9996-4,4.00,2.00,47,86,9996-1,9996-3,|10,88
9996-5,8.00,4.00,23,46,9996-4,|16,94
